"wid","city","country","date","temp","dew_pt","hum","wind_spd","wind_gust","dir","vis","pressure","wind_chill","heat_index","precip","cond","fog","rain","snow","hail","thunder","tornado"
1,"Athens","Greece",2002-09-02 00:50:00,71.6,60.8,69,0,NA,"North",6.2,29.95,NA,NA,NA,"Mostly Cloudy",0,0,0,0,0,0
2,"Athens","Greece",2002-09-02 01:50:00,71.6,62.6,73,4.6,NA,"ENE",6.2,29.95,NA,NA,NA,"Scattered Clouds",0,0,0,0,0,0
3,"Athens","Greece",2002-09-02 03:50:00,69.8,59,68,0,NA,"North",6.2,29.95,NA,NA,NA,"Scattered Clouds",0,0,0,0,0,0
4,"Athens","Greece",2002-09-02 04:50:00,68,59,73,0,NA,"North",6.2,29.95,NA,NA,NA,"Scattered Clouds",0,0,0,0,0,0
5,"Athens","Greece",2002-09-02 05:50:00,66.2,59,78,0,NA,"North",6.2,29.95,NA,NA,NA,"Scattered Clouds",0,0,0,0,0,0
6,"Athens","Greece",2002-09-02 06:50:00,66.2,62.6,88,4.6,NA,"ENE",6.2,29.95,NA,NA,NA,"Scattered Clouds",0,0,0,0,0,0
7,"Athens","Greece",2002-09-02 07:50:00,66.2,59,78,0,NA,"North",6.2,29.98,NA,NA,NA,"Scattered Clouds",0,0,0,0,0,0
8,"Athens","Greece",2002-09-02 08:50:00,71.6,59,64,0,NA,"North",6.2,29.98,NA,NA,NA,"Mostly Cloudy",0,0,0,0,0,0
9,"Athens","Greece",2002-09-02 09:50:00,75.2,60.8,61,0,NA,"North",6.2,30.01,NA,NA,NA,"Mostly Cloudy",0,0,0,0,0,0
10,"Athens","Greece",2002-09-02 11:50:00,82.4,60.8,48,8.1,NA,"West",6.2,30.01,NA,82.9,NA,"Scattered Clouds",0,0,0,0,0,0
11,"Athens","Greece",2002-09-02 12:50:00,82.4,62.6,51,8.1,NA,"West",6.2,30.01,NA,83.4,NA,"Mostly Cloudy",0,0,0,0,0,0
12,"Athens","Greece",2002-09-02 13:50:00,80.6,62.6,54,5.8,NA,"SW",6.2,30.01,NA,81.8,NA,"Mostly Cloudy",0,0,0,0,0,0
13,"Athens","Greece",2002-09-02 14:50:00,84.2,64.4,51,9.2,NA,"SW",6.2,30.01,NA,85.6,NA,"Mostly Cloudy",0,0,0,0,0,0
14,"Athens","Greece",2002-09-02 15:50:00,82.4,62.6,51,8.1,NA,"SW",6.2,29.98,NA,83.4,NA,"Mostly Cloudy",0,0,0,0,0,0
15,"Athens","Greece",2002-09-02 16:50:00,80.6,64.4,58,6.9,NA,"SSW",6.2,29.98,NA,82.3,NA,"Mostly Cloudy",0,0,0,0,0,0
16,"Athens","Greece",2002-09-02 17:50:00,78.8,62.6,57,4.6,NA,"West",6.2,30.01,NA,NA,NA,"Mostly Cloudy",0,0,0,0,0,0
17,"Athens","Greece",2002-09-02 18:50:00,75.2,60.8,61,11.5,NA,"East",3.1,30.01,NA,NA,NA,"Light Thunderstorms and Rain",0,1,0,0,1,0
18,"Athens","Greece",2002-09-02 19:20:00,75.2,60.8,61,10.4,NA,"ENE",6.2,30.01,NA,NA,NA,"Light Rain",0,1,0,0,0,0
19,"Athens","Greece",2002-09-02 19:50:00,69.8,64.4,83,11.5,NA,"East",6.2,30.01,NA,NA,NA,"Light Rain",0,1,0,0,0,0
20,"Athens","Greece",2002-09-02 20:50:00,71.6,64.4,78,5.8,NA,"ENE",6.2,30.01,NA,NA,NA,"Mostly Cloudy",0,0,0,0,0,0
21,"Athens","Greece",2002-09-02 21:50:00,71.6,66.2,83,0,NA,"North",6.2,30.04,NA,NA,NA,"Light Rain",0,1,0,0,0,0
22,"Athens","Greece",2002-09-02 22:50:00,71.6,68,88,0,NA,"North",6.2,30.04,NA,NA,NA,"Mostly Cloudy",0,0,0,0,0,0
23,"Athens","Greece",2002-09-02 23:50:00,71.6,68,88,0,NA,"North",6.2,30.04,NA,NA,NA,"Mostly Cloudy",0,0,0,0,0,0
24,"Athens","Greece",2002-08-27 00:50:00,77,53.6,44,11.5,NA,"North",NA,30.01,NA,NA,NA,"Clear",0,0,0,0,0,0
25,"Athens","Greece",2002-08-27 01:50:00,77,55.4,47,9.2,NA,"North",NA,30.01,NA,NA,NA,"Clear",0,0,0,0,0,0
26,"Athens","Greece",2002-08-27 02:50:00,75.2,57.2,53,6.9,NA,"NNW",NA,30.01,NA,NA,NA,"Clear",0,0,0,0,0,0
27,"Athens","Greece",2002-08-27 03:50:00,75.2,57.2,53,6.9,NA,"North",NA,30.01,NA,NA,NA,"Clear",0,0,0,0,0,0
28,"Athens","Greece",2002-08-27 04:50:00,75.2,57.2,53,8.1,NA,"NNW",NA,30.01,NA,NA,NA,"Clear",0,0,0,0,0,0
29,"Athens","Greece",2002-08-27 05:50:00,75.2,57.2,53,13.8,NA,"NE",NA,29.98,NA,NA,NA,"Clear",0,0,0,0,0,0
30,"Athens","Greece",2002-08-27 06:50:00,77,57.2,50,13.8,NA,"ENE",NA,29.98,NA,NA,NA,"Clear",0,0,0,0,0,0
31,"Athens","Greece",2002-08-27 07:50:00,75.2,55.4,50,8.1,NA,"North",NA,30.01,NA,NA,NA,"Clear",0,0,0,0,0,0
32,"Athens","Greece",2002-08-27 08:50:00,77,55.4,47,9.2,NA,"North",NA,29.98,NA,NA,NA,"Clear",0,0,0,0,0,0
33,"Athens","Greece",2002-08-27 09:50:00,80.6,51.8,37,13.8,NA,"NNE",NA,29.98,NA,NA,NA,"Clear",0,0,0,0,0,0
34,"Athens","Greece",2002-08-27 10:50:00,82.4,53.6,37,12.7,NA,"North",NA,29.98,NA,81.4,NA,"Clear",0,0,0,0,0,0
35,"Athens","Greece",2002-08-27 11:50:00,84.2,53.6,35,17.3,NA,"North",NA,29.98,NA,82.8,NA,"Clear",0,0,0,0,0,0
36,"Athens","Greece",2002-08-27 12:50:00,86,51.8,31,18.4,NA,"North",NA,29.98,NA,NA,NA,"Clear",0,0,0,0,0,0
37,"Athens","Greece",2002-08-27 13:50:00,86,51.8,31,18.4,NA,"North",NA,29.98,NA,NA,NA,"Clear",0,0,0,0,0,0
38,"Athens","Greece",2002-08-27 14:50:00,87.8,53.6,31,16.1,27.6,"NNE",NA,29.98,NA,85.7,NA,"Clear",0,0,0,0,0,0
39,"Athens","Greece",2002-08-27 16:50:00,86,51.8,31,15,NA,"NNE",NA,29.95,NA,NA,NA,"Clear",0,0,0,0,0,0
40,"Athens","Greece",2002-08-27 17:50:00,86,53.6,33,10.4,NA,"NE",NA,29.95,NA,84.2,NA,"Clear",0,0,0,0,0,0
41,"Athens","Greece",2002-08-27 18:50:00,82.4,53.6,37,12.7,NA,"NNE",NA,29.95,NA,81.4,NA,"Clear",0,0,0,0,0,0
42,"Athens","Greece",2002-08-27 19:50:00,80.6,51.8,37,15,NA,"North",NA,29.95,NA,NA,NA,"Clear",0,0,0,0,0,0
43,"Athens","Greece",2002-08-27 20:50:00,78.8,53.6,42,12.7,NA,"NNE",NA,29.95,NA,NA,NA,"Clear",0,0,0,0,0,0
44,"Athens","Greece",2002-08-27 21:50:00,77,53.6,44,9.2,NA,"North",NA,29.98,NA,NA,NA,"Clear",0,0,0,0,0,0
45,"Athens","Greece",2002-08-27 22:50:00,75.2,51.8,44,9.2,NA,"NNE",NA,29.98,NA,NA,NA,"Clear",0,0,0,0,0,0
46,"Athens","Greece",2002-08-27 23:50:00,75.2,53.6,47,0,NA,"North",NA,29.98,NA,NA,NA,"Clear",0,0,0,0,0,0
47,"Athens","Greece",2002-08-31 00:50:00,71.6,60.8,69,8.1,NA,"North",6.2,29.86,NA,NA,NA,"Scattered Clouds",0,0,0,0,0,0
48,"Athens","Greece",2002-08-31 01:50:00,71.6,60.8,69,6.9,NA,"NW",6.2,29.89,NA,NA,NA,"Scattered Clouds",0,0,0,0,0,0
49,"Athens","Greece",2002-08-31 02:50:00,69.8,60.8,73,5.8,NA,"NNW",6.2,29.86,NA,NA,NA,"Scattered Clouds",0,0,0,0,0,0
50,"Athens","Greece",2002-08-31 04:50:00,69.8,62.6,78,6.9,NA,"North",6.2,29.86,NA,NA,NA,"Scattered Clouds",0,0,0,0,0,0
51,"Athens","Greece",2002-08-31 05:50:00,69.8,60.8,73,9.2,NA,"NNW",6.2,29.86,NA,NA,NA,"Scattered Clouds",0,0,0,0,0,0
52,"Athens","Greece",2002-08-31 06:50:00,69.8,60.8,73,5.8,NA,"North",6.2,29.86,NA,NA,NA,"Scattered Clouds",0,0,0,0,0,0
53,"Athens","Greece",2002-08-31 07:50:00,69.8,62.6,78,0,NA,"North",6.2,29.86,NA,NA,NA,"Scattered Clouds",0,0,0,0,0,0
54,"Athens","Greece",2002-08-31 08:50:00,71.6,62.6,73,6.9,NA,"North",6.2,29.86,NA,NA,NA,"Scattered Clouds",0,0,0,0,0,0
55,"Athens","Greece",2002-08-31 09:50:00,75.2,60.8,61,8.1,NA,"NNW",6.2,29.86,NA,NA,NA,"Mostly Cloudy",0,0,0,0,0,0
56,"Athens","Greece",2002-08-31 10:50:00,80.6,59,48,11.5,NA,"North",6.2,29.89,NA,81.1,NA,"Mostly Cloudy",0,0,0,0,0,0
57,"Athens","Greece",2002-08-31 11:50:00,80.6,59,48,11.5,NA,"North",6.2,29.89,NA,81.1,NA,"Mostly Cloudy",0,0,0,0,0,0
58,"Athens","Greece",2002-08-31 12:50:00,80.6,60.8,51,15,NA,"NNE",6.2,29.86,NA,81.5,NA,"Mostly Cloudy",0,0,0,0,0,0
59,"Athens","Greece",2002-08-31 13:50:00,80.6,62.6,54,13.8,NA,"NNW",6.2,29.86,NA,81.8,NA,"Scattered Clouds",0,0,0,0,0,0
60,"Athens","Greece",2002-08-31 14:50:00,82.4,59,45,16.1,NA,"North",6.2,29.83,NA,82.5,NA,"Scattered Clouds",0,0,0,0,0,0
61,"Athens","Greece",2002-08-31 15:50:00,80.6,57.2,45,15,NA,"NNE",6.2,29.83,NA,80.8,NA,"Mostly Cloudy",0,0,0,0,0,0
62,"Athens","Greece",2002-08-31 16:50:00,80.6,57.2,45,12.7,24.2,"NNE",6.2,29.83,NA,80.8,NA,"Mostly Cloudy",0,0,0,0,0,0
63,"Athens","Greece",2002-08-31 17:50:00,78.8,57.2,47,13.8,25.3,"North",6.2,29.83,NA,NA,NA,"Mostly Cloudy",0,0,0,0,0,0
64,"Athens","Greece",2002-08-31 18:50:00,77,59,54,15,NA,"North",6.2,29.83,NA,NA,NA,"Mostly Cloudy",0,0,0,0,0,0
65,"Athens","Greece",2002-08-31 19:50:00,75.2,59,57,12.7,NA,"North",6.2,29.86,NA,NA,NA,"Mostly Cloudy",0,0,0,0,0,0
66,"Athens","Greece",2002-08-31 20:50:00,73.4,59,61,9.2,NA,"NNE",6.2,29.86,NA,NA,NA,"Mostly Cloudy",0,0,0,0,0,0
67,"Athens","Greece",2002-08-31 21:50:00,73.4,59,61,6.9,NA,"NNE",6.2,29.86,NA,NA,NA,"Mostly Cloudy",0,0,0,0,0,0
68,"Athens","Greece",2002-08-31 22:50:00,73.4,59,61,8.1,NA,"NNE",6.2,29.86,NA,NA,NA,"Mostly Cloudy",0,0,0,0,0,0
69,"Athens","Greece",2002-09-01 00:50:00,73.4,60.8,65,6.9,NA,"NNE",6.2,29.86,NA,NA,NA,"Scattered Clouds",0,0,0,0,0,0
70,"Athens","Greece",2002-09-01 01:50:00,71.6,60.8,69,6.9,NA,"NNW",6.2,29.86,NA,NA,NA,"Mostly Cloudy",0,0,0,0,0,0
71,"Athens","Greece",2002-09-01 02:50:00,71.6,60.8,69,9.2,NA,"NW",6.2,29.86,NA,NA,NA,"Mostly Cloudy",0,0,0,0,0,0
72,"Athens","Greece",2002-09-01 03:50:00,71.6,60.8,69,6.9,NA,"NNW",6.2,29.86,NA,NA,NA,"Scattered Clouds",0,0,0,0,0,0
73,"Athens","Greece",2002-09-01 05:50:00,69.8,60.8,73,5.8,NA,"North",6.2,29.86,NA,NA,NA,"Scattered Clouds",0,0,0,0,0,0
74,"Athens","Greece",2002-09-01 06:50:00,69.8,60.8,73,6.9,NA,"NNW",6.2,29.86,NA,NA,NA,"Mostly Cloudy",0,0,0,0,0,0
75,"Athens","Greece",2002-09-01 08:50:00,73.4,60.8,65,8.1,NA,"NW",6.2,29.86,NA,NA,NA,"Mostly Cloudy",0,0,0,0,0,0
76,"Athens","Greece",2002-09-01 09:50:00,75.2,60.8,61,8.1,NA,"North",6.2,29.89,NA,NA,NA,"Mostly Cloudy",0,0,0,0,0,0
77,"Athens","Greece",2002-09-01 10:50:00,77,57.2,50,13.8,NA,"North",6.2,29.89,NA,NA,NA,"Scattered Clouds",0,0,0,0,0,0
78,"Athens","Greece",2002-09-01 11:50:00,80.6,57.2,45,11.5,NA,"North",6.2,29.89,NA,80.8,NA,"Scattered Clouds",0,0,0,0,0,0
79,"Athens","Greece",2002-09-01 12:50:00,80.6,57.2,45,9.2,NA,"NNE",6.2,29.89,NA,80.8,NA,"Scattered Clouds",0,0,0,0,0,0
80,"Athens","Greece",2002-09-01 13:50:00,82.4,60.8,48,4.6,NA,"West",6.2,29.86,NA,82.9,NA,"Scattered Clouds",0,0,0,0,0,0
81,"Athens","Greece",2002-09-01 15:50:00,78.8,60.8,54,11.5,NA,"ENE",6.2,29.89,NA,NA,NA,"Scattered Clouds",0,0,0,0,0,0
82,"Athens","Greece",2002-09-01 16:50:00,77,62.6,61,9.2,NA,"ENE",6.2,29.89,NA,NA,NA,"Mostly Cloudy",0,0,0,0,0,0
83,"Athens","Greece",2002-09-01 17:50:00,77,60.8,57,8.1,NA,"ENE",6.2,29.89,NA,NA,NA,"Mostly Cloudy",0,0,0,0,0,0
84,"Athens","Greece",2002-09-01 18:50:00,75.2,60.8,61,9.2,NA,"NNW",6.2,29.89,NA,NA,NA,"Light Thunderstorms and Rain",0,1,0,0,1,0
85,"Athens","Greece",2002-09-01 19:50:00,71.6,64.4,78,8.1,NA,"NNE",6.2,29.89,NA,NA,NA,"Scattered Clouds",0,0,0,0,0,0
86,"Athens","Greece",2002-09-01 20:50:00,71.6,64.4,78,5.8,NA,"North",6.2,29.92,NA,NA,NA,"Mostly Cloudy",0,0,0,0,0,0
87,"Athens","Greece",2002-09-01 21:50:00,71.6,66.2,83,0,NA,"North",6.2,29.95,NA,NA,NA,"Mostly Cloudy",0,0,0,0,0,0
88,"Athens","Greece",2002-09-01 22:50:00,71.6,66.2,83,0,NA,"North",6.2,29.95,NA,NA,NA,"Mostly Cloudy",0,0,0,0,0,0
89,"Athens","Greece",2002-09-01 23:50:00,71.6,64.4,78,0,NA,"North",6.2,29.95,NA,NA,NA,"Mostly Cloudy",0,0,0,0,0,0
90,"Athens","Greece",2002-08-28 00:50:00,73.4,53.6,50,11.5,NA,"North",NA,29.98,NA,NA,NA,"Clear",0,0,0,0,0,0
91,"Athens","Greece",2002-08-28 01:50:00,75.2,53.6,47,9.2,NA,"North",NA,29.98,NA,NA,NA,"Clear",0,0,0,0,0,0
92,"Athens","Greece",2002-08-28 02:50:00,73.4,55.4,53,0,NA,"North",NA,29.98,NA,NA,NA,"Clear",0,0,0,0,0,0
93,"Athens","Greece",2002-08-28 03:50:00,73.4,57.2,57,6.9,NA,"North",NA,29.98,NA,NA,NA,"Clear",0,0,0,0,0,0
94,"Athens","Greece",2002-08-28 07:50:00,71.6,60.8,69,0,NA,"North",NA,29.95,NA,NA,NA,"Clear",0,0,0,0,0,0
95,"Athens","Greece",2002-08-28 08:50:00,75.2,59,57,6.9,NA,"NW",6.2,29.98,NA,NA,NA,"Partly Cloudy",0,0,0,0,0,0
96,"Athens","Greece",2002-08-28 09:50:00,78.8,60.8,54,8.1,NA,"WNW",6.2,29.95,NA,NA,NA,"Partly Cloudy",0,0,0,0,0,0
97,"Athens","Greece",2002-08-28 10:50:00,82.4,48.2,30,13.8,NA,"NE",NA,29.95,NA,NA,NA,"Clear",0,0,0,0,0,0
98,"Athens","Greece",2002-08-28 12:50:00,86,48.2,27,11.5,NA,"NNE",NA,29.95,NA,NA,NA,"Clear",0,0,0,0,0,0
99,"Athens","Greece",2002-08-28 13:50:00,87.8,48.2,25,11.5,NA,"NNE",NA,29.95,NA,NA,NA,"Clear",0,0,0,0,0,0
100,"Athens","Greece",2002-08-28 14:50:00,87.8,46.4,24,11.5,NA,"NE",NA,29.95,NA,NA,NA,"Clear",0,0,0,0,0,0
101,"Athens","Greece",2002-08-28 15:50:00,87.8,46.4,24,11.5,NA,"NE",NA,29.95,NA,NA,NA,"Clear",0,0,0,0,0,0
102,"Athens","Greece",2002-08-28 16:50:00,87.8,48.2,25,10.4,NA,"NE",NA,29.92,NA,NA,NA,"Clear",0,0,0,0,0,0
103,"Athens","Greece",2002-08-28 17:50:00,86,55.4,35,9.2,NA,"ENE",NA,29.92,NA,84.5,NA,"Clear",0,0,0,0,0,0
104,"Athens","Greece",2002-08-28 18:50:00,82.4,53.6,37,13.8,NA,"East",NA,29.92,NA,81.4,NA,"Clear",0,0,0,0,0,0
105,"Athens","Greece",2002-08-28 19:50:00,80.6,53.6,39,12.7,NA,"East",NA,29.92,NA,80.3,NA,"Clear",0,0,0,0,0,0
106,"Athens","Greece",2002-08-28 20:50:00,78.8,51.8,39,8.1,NA,"NE",NA,29.92,NA,NA,NA,"Clear",0,0,0,0,0,0
107,"Athens","Greece",2002-08-28 21:50:00,77,50,39,4.6,NA,"NE",NA,29.92,NA,NA,NA,"Clear",0,0,0,0,0,0
108,"Athens","Greece",2002-08-28 22:50:00,77,51.8,41,8.1,NA,"North",6.2,29.95,NA,NA,NA,"Partly Cloudy",0,0,0,0,0,0
109,"Athens","Greece",2002-08-29 00:50:00,75.2,48.2,38,8.1,NA,"North",6.2,29.95,NA,NA,NA,"Partly Cloudy",0,0,0,0,0,0
110,"Athens","Greece",2002-08-29 01:50:00,75.2,48.2,38,9.2,NA,"North",6.2,29.95,NA,NA,NA,"Scattered Clouds",0,0,0,0,0,0
111,"Athens","Greece",2002-08-29 02:50:00,75.2,50,41,11.5,NA,"NNE",6.2,29.92,NA,NA,NA,"Partly Cloudy",0,0,0,0,0,0
112,"Athens","Greece",2002-08-29 03:50:00,75.2,50,41,10.4,NA,"North",6.2,29.92,NA,NA,NA,"Partly Cloudy",0,0,0,0,0,0
113,"Athens","Greece",2002-08-29 04:50:00,73.4,53.6,50,6.9,NA,"NNW",6.2,29.92,NA,NA,NA,"Partly Cloudy",0,0,0,0,0,0
114,"Athens","Greece",2002-08-29 05:50:00,73.4,53.6,50,10.4,NA,"North",6.2,29.92,NA,NA,NA,"Partly Cloudy",0,0,0,0,0,0
115,"Athens","Greece",2002-08-29 06:50:00,73.4,53.6,50,10.4,NA,"North",6.2,29.92,NA,NA,NA,"Scattered Clouds",0,0,0,0,0,0
116,"Athens","Greece",2002-08-29 07:50:00,75.2,53.6,47,8.1,NA,"North",6.2,29.92,NA,NA,NA,"Mostly Cloudy",0,0,0,0,0,0
117,"Athens","Greece",2002-08-29 08:50:00,77,55.4,47,8.1,NA,"ENE",6.2,29.92,NA,NA,NA,"Scattered Clouds",0,0,0,0,0,0
118,"Athens","Greece",2002-08-29 09:50:00,78.8,55.4,44,4.6,NA,"NW",6.2,29.92,NA,NA,NA,"Mostly Cloudy",0,0,0,0,0,0
119,"Athens","Greece",2002-08-29 10:50:00,80.6,57.2,45,4.6,NA,"West",6.2,29.95,NA,80.8,NA,"Mostly Cloudy",0,0,0,0,0,0
120,"Athens","Greece",2002-08-29 11:50:00,82.4,62.6,51,5.8,NA,"WSW",6.2,29.95,NA,83.4,NA,"Mostly Cloudy",0,0,0,0,0,0
121,"Athens","Greece",2002-08-29 12:50:00,84.2,62.6,48,8.1,NA,"WSW",6.2,29.95,NA,85,NA,"Mostly Cloudy",0,0,0,0,0,0
122,"Athens","Greece",2002-08-29 13:50:00,84.2,60.8,45,8.1,NA,"SW",6.2,29.92,NA,84.4,NA,"Mostly Cloudy",0,0,0,0,0,0
123,"Athens","Greece",2002-08-29 14:50:00,86,60.8,43,8.1,NA,"SW",6.2,29.92,NA,86.1,NA,"Mostly Cloudy",0,0,0,0,0,0
124,"Athens","Greece",2002-08-29 15:50:00,86,62.6,45,9.2,NA,"SW",6.2,29.89,NA,86.6,NA,"Mostly Cloudy",0,0,0,0,0,0
125,"Athens","Greece",2002-08-29 16:50:00,86,55.4,35,6.9,NA,"East",6.2,29.89,NA,84.5,NA,"Mostly Cloudy",0,0,0,0,0,0
126,"Athens","Greece",2002-08-29 17:50:00,84.2,57.2,40,12.7,NA,"ENE",6.2,29.89,NA,83.5,NA,"Mostly Cloudy",0,0,0,0,0,0
127,"Athens","Greece",2002-08-29 18:50:00,80.6,59,48,10.4,NA,"ENE",6.2,29.89,NA,81.1,NA,"Mostly Cloudy",0,0,0,0,0,0
128,"Athens","Greece",2002-08-29 19:50:00,78.8,59,51,11.5,NA,"ENE",6.2,29.89,NA,NA,NA,"Mostly Cloudy",0,0,0,0,0,0
129,"Athens","Greece",2002-08-29 20:50:00,77,60.8,57,6.9,NA,"ENE",6.2,29.89,NA,NA,NA,"Scattered Clouds",0,0,0,0,0,0
130,"Athens","Greece",2002-08-29 21:50:00,75.2,60.8,61,8.1,NA,"ENE",6.2,29.92,NA,NA,NA,"Scattered Clouds",0,0,0,0,0,0
131,"Athens","Greece",2002-08-29 22:50:00,75.2,60.8,61,5.8,NA,"ENE",6.2,29.92,NA,NA,NA,"Mostly Cloudy",0,0,0,0,0,0
132,"Athens","Greece",2002-08-29 23:50:00,NA,NA,NA,0,NA,"North",6.2,29.92,NA,NA,NA,"Mostly Cloudy",0,0,0,0,0,0
133,"Athens","Greece",2002-08-30 00:50:00,75.2,57.2,53,0,NA,"North",6.2,29.92,NA,NA,NA,"Light Rain",0,1,0,0,0,0
134,"Athens","Greece",2002-08-30 01:50:00,75.2,59,57,4.6,NA,"SE",6.2,29.89,NA,NA,NA,"Overcast",0,0,0,0,0,0
135,"Athens","Greece",2002-08-30 02:50:00,73.4,60.8,65,0,NA,"North",6.2,29.89,NA,NA,NA,"Mostly Cloudy",0,0,0,0,0,0
136,"Athens","Greece",2002-08-30 03:50:00,73.4,60.8,65,0,NA,"North",6.2,29.89,NA,NA,NA,"Mostly Cloudy",0,0,0,0,0,0
137,"Athens","Greece",2002-08-30 04:50:00,71.6,60.8,69,0,NA,"North",6.2,29.86,NA,NA,NA,"Scattered Clouds",0,0,0,0,0,0
138,"Athens","Greece",2002-08-30 05:50:00,69.8,59,68,0,NA,"North",6.2,29.86,NA,NA,NA,"Scattered Clouds",0,0,0,0,0,0
139,"Athens","Greece",2002-08-30 06:50:00,69.8,57.2,64,4.6,NA,"NE",6.2,29.86,NA,NA,NA,"Scattered Clouds",0,0,0,0,0,0
140,"Athens","Greece",2002-08-30 07:50:00,69.8,60.8,73,4.6,NA,"NE",6.2,29.86,NA,NA,NA,"Partly Cloudy",0,0,0,0,0,0
141,"Athens","Greece",2002-08-30 08:50:00,75.2,60.8,61,0,NA,"North",6.2,29.86,NA,NA,NA,"Partly Cloudy",0,0,0,0,0,0
142,"Athens","Greece",2002-08-30 09:50:00,78.8,62.6,57,0,NA,"North",6.2,29.86,NA,NA,NA,"Partly Cloudy",0,0,0,0,0,0
143,"Athens","Greece",2002-08-30 10:50:00,80.6,64.4,58,5.8,NA,"West",6.2,29.86,NA,82.3,NA,"Partly Cloudy",0,0,0,0,0,0
144,"Athens","Greece",2002-08-30 11:50:00,84.2,62.6,48,6.9,NA,"WSW",6.2,29.86,NA,85,NA,"Mostly Cloudy",0,0,0,0,0,0
145,"Athens","Greece",2002-08-30 12:50:00,84.2,64.4,51,8.1,NA,"SSW",6.2,29.86,NA,85.6,NA,"Mostly Cloudy",0,0,0,0,0,0
146,"Athens","Greece",2002-08-30 13:50:00,86,64.4,48,9.2,NA,"SW",6.2,29.86,NA,87.3,NA,"Mostly Cloudy",0,0,0,0,0,0
147,"Athens","Greece",2002-08-30 14:50:00,80.6,60.8,51,4.6,NA,"East",6.2,29.89,NA,81.5,NA,"Mostly Cloudy",0,0,0,0,0,0
148,"Athens","Greece",2002-08-30 15:50:00,75.2,64.4,69,4.6,NA,"NE",6.2,29.86,NA,NA,NA,"Light Rain",0,1,0,0,0,0
149,"Athens","Greece",2002-08-30 16:50:00,75.2,66.2,73,0,NA,"North",6.2,29.86,NA,NA,NA,"Light Thunderstorms and Rain",0,1,0,0,1,0
150,"Athens","Greece",2002-08-30 17:50:00,75.2,64.4,69,8.1,NA,"ENE",6.2,29.86,NA,NA,NA,"Mostly Cloudy",0,0,0,0,0,0
151,"Athens","Greece",2002-08-30 19:50:00,75.2,64.4,69,4.6,NA,"NNE",6.2,29.86,NA,NA,NA,"Mostly Cloudy",0,0,0,0,0,0
152,"Athens","Greece",2002-08-30 20:50:00,73.4,60.8,65,6.9,NA,"ENE",6.2,29.86,NA,NA,NA,"Mostly Cloudy",0,0,0,0,0,0
153,"Athens","Greece",2002-08-30 21:50:00,73.4,60.8,65,4.6,NA,"NNE",6.2,29.86,NA,NA,NA,"Mostly Cloudy",0,0,0,0,0,0
154,"Athens","Greece",2002-08-30 22:50:00,73.4,60.8,65,0,NA,"North",6.2,29.89,NA,NA,NA,"Scattered Clouds",0,0,0,0,0,0
155,"Athens","Greece",2002-08-24 00:50:00,77,64.4,65,5.8,NA,"North",NA,30.01,NA,NA,NA,"Clear",0,0,0,0,0,0
156,"Athens","Greece",2002-08-24 02:50:00,75.2,66.2,73,0,NA,"North",NA,30.01,NA,NA,NA,"Clear",0,0,0,0,0,0
157,"Athens","Greece",2002-08-24 06:50:00,71.6,60.8,69,0,NA,"North",NA,30.01,NA,NA,NA,"Clear",0,0,0,0,0,0
158,"Athens","Greece",2002-08-24 07:50:00,75.2,57.2,53,0,NA,"North",NA,30.01,NA,NA,NA,"Clear",0,0,0,0,0,0
159,"Athens","Greece",2002-08-24 08:50:00,78.8,59,51,6.9,NA,"NNW",NA,30.01,NA,NA,NA,"Clear",0,0,0,0,0,0
160,"Athens","Greece",2002-08-24 09:50:00,80.6,59,48,10.4,NA,"WNW",NA,30.04,NA,81.1,NA,"Clear",0,0,0,0,0,0
161,"Athens","Greece",2002-08-24 10:50:00,84.2,62.6,48,10.4,NA,"WNW",NA,30.04,NA,85,NA,"Clear",0,0,0,0,0,0
162,"Athens","Greece",2002-08-24 11:50:00,87.8,62.6,43,8.1,NA,"West",NA,30.04,NA,88.5,NA,"Clear",0,0,0,0,0,0
163,"Athens","Greece",2002-08-24 12:50:00,89.6,55.4,31,12.7,NA,"NNE",NA,30.01,NA,87.7,NA,"Clear",0,0,0,0,0,0
164,"Athens","Greece",2002-08-24 15:50:00,89.6,62.6,40,5.8,NA,"NNW",6.2,29.98,NA,90.1,NA,"Partly Cloudy",0,0,0,0,0,0
165,"Athens","Greece",2002-08-24 17:50:00,87.8,66.2,49,5.8,NA,"WSW",6.2,29.98,NA,90.4,NA,"Partly Cloudy",0,0,0,0,0,0
166,"Athens","Greece",2002-08-24 18:50:00,87.8,59,38,9.2,NA,"North",6.2,29.98,NA,87.1,NA,"Partly Cloudy",0,0,0,0,0,0
167,"Athens","Greece",2002-08-24 19:50:00,86,59,40,9.2,NA,"North",6.2,29.98,NA,85.4,NA,"Scattered Clouds",0,0,0,0,0,0
168,"Athens","Greece",2002-08-24 20:50:00,84.2,50,30,5.8,NA,"NE",6.2,30.01,NA,NA,NA,"Partly Cloudy",0,0,0,0,0,0
169,"Athens","Greece",2002-08-24 21:50:00,82.4,48.2,30,5.8,NA,"ENE",6.2,30.01,NA,NA,NA,"Partly Cloudy",0,0,0,0,0,0
170,"Athens","Greece",2002-08-24 22:50:00,80.6,48.2,32,5.8,NA,"NNW",6.2,30.04,NA,NA,NA,"Partly Cloudy",0,0,0,0,0,0
171,"Athens","Greece",2002-08-24 23:50:00,80.6,42.8,26,6.9,NA,"NNW",6.2,30.04,NA,NA,NA,"Partly Cloudy",0,0,0,0,0,0
172,"Athens","Greece",2002-08-26 00:50:00,78.8,55.4,44,8.1,NA,"NNW",NA,30.04,NA,NA,NA,"Clear",0,0,0,0,0,0
173,"Athens","Greece",2002-08-26 01:50:00,78.8,55.4,44,10.4,NA,"North",NA,30.04,NA,NA,NA,"Clear",0,0,0,0,0,0
174,"Athens","Greece",2002-08-26 03:50:00,77,57.2,50,10.4,NA,"NNW",NA,30.01,NA,NA,NA,"Clear",0,0,0,0,0,0
175,"Athens","Greece",2002-08-26 04:50:00,75.2,55.4,50,6.9,NA,"North",NA,30.01,NA,NA,NA,"Clear",0,0,0,0,0,0
176,"Athens","Greece",2002-08-26 05:50:00,75.2,57.2,53,5.8,NA,"North",NA,30.01,NA,NA,NA,"Clear",0,0,0,0,0,0
177,"Athens","Greece",2002-08-26 06:50:00,75.2,53.6,47,8.1,NA,"NNE",NA,30.01,NA,NA,NA,"Clear",0,0,0,0,0,0
178,"Athens","Greece",2002-08-26 07:50:00,77,50,39,11.5,NA,"North",NA,30.01,NA,NA,NA,"Clear",0,0,0,0,0,0
179,"Athens","Greece",2002-08-26 08:50:00,78.8,51.8,39,10.4,NA,"North",NA,30.01,NA,NA,NA,"Clear",0,0,0,0,0,0
180,"Athens","Greece",2002-08-26 09:50:00,82.4,50,32,15,NA,"North",NA,30.01,NA,NA,NA,"Clear",0,0,0,0,0,0
181,"Athens","Greece",2002-08-26 10:50:00,84.2,50,30,17.3,NA,"North",NA,30.01,NA,NA,NA,"Clear",0,0,0,0,0,0
182,"Athens","Greece",2002-08-26 11:50:00,86,48.2,27,16.1,NA,"North",NA,30.04,NA,NA,NA,"Clear",0,0,0,0,0,0
183,"Athens","Greece",2002-08-26 12:50:00,87.8,48.2,25,20.7,NA,"North",NA,30.04,NA,NA,NA,"Clear",0,0,0,0,0,0
184,"Athens","Greece",2002-08-26 13:50:00,87.8,50,27,17.3,NA,"North",NA,30.04,NA,NA,NA,"Clear",0,0,0,0,0,0
185,"Athens","Greece",2002-08-26 15:50:00,89.6,48.2,24,17.3,NA,"NNE",NA,30.01,NA,NA,NA,"Clear",0,0,0,0,0,0
186,"Athens","Greece",2002-08-26 16:50:00,87.8,50,27,20.7,NA,"NNE",NA,30.01,NA,NA,NA,"Clear",0,0,0,0,0,0
187,"Athens","Greece",2002-08-26 18:50:00,82.4,50,32,20.7,NA,"North",NA,29.98,NA,NA,NA,"Clear",0,0,0,0,0,0
188,"Athens","Greece",2002-08-26 19:50:00,82.4,46.4,28,17.3,NA,"North",NA,30.01,NA,NA,NA,"Clear",0,0,0,0,0,0
189,"Athens","Greece",2002-08-26 20:50:00,80.6,51.8,37,12.7,NA,"North",NA,30.01,NA,NA,NA,"Clear",0,0,0,0,0,0
190,"Athens","Greece",2002-08-26 21:50:00,78.8,53.6,42,8.1,NA,"North",NA,30.04,NA,NA,NA,"Clear",0,0,0,0,0,0
191,"Athens","Greece",2002-08-26 22:50:00,78.8,53.6,42,9.2,NA,"North",NA,30.04,NA,NA,NA,"Clear",0,0,0,0,0,0
192,"Athens","Greece",2002-08-26 23:50:00,77,53.6,44,11.5,NA,"North",NA,30.01,NA,NA,NA,"Clear",0,0,0,0,0,0
193,"Athens","Greece",2002-08-25 00:50:00,80.6,42.8,26,8.1,NA,"WNW",6.2,30.04,NA,NA,NA,"Partly Cloudy",0,0,0,0,0,0
194,"Athens","Greece",2002-08-25 01:50:00,77,51.8,41,0,NA,"North",6.2,30.04,NA,NA,NA,"Partly Cloudy",0,0,0,0,0,0
195,"Athens","Greece",2002-08-25 02:50:00,77,51.8,41,6.9,NA,"NW",6.2,30.04,NA,NA,NA,"Partly Cloudy",0,0,0,0,0,0
196,"Athens","Greece",2002-08-25 03:50:00,73.4,50,44,0,NA,"North",6.2,30.04,NA,NA,NA,"Partly Cloudy",0,0,0,0,0,0
197,"Athens","Greece",2002-08-25 04:50:00,73.4,50,44,5.8,NA,"North",6.2,30.01,NA,NA,NA,"Partly Cloudy",0,0,0,0,0,0
198,"Athens","Greece",2002-08-25 05:50:00,75.2,53.6,47,6.9,NA,"NNW",6.2,30.01,NA,NA,NA,"Partly Cloudy",0,0,0,0,0,0
199,"Athens","Greece",2002-08-25 06:50:00,71.6,57.2,60,0,NA,"North",6.2,30.04,NA,NA,NA,"Partly Cloudy",0,0,0,0,0,0
200,"Athens","Greece",2002-08-25 07:50:00,75.2,57.2,53,4.6,NA,"NW",NA,30.04,NA,NA,NA,"Clear",0,0,0,0,0,0
201,"Athens","Greece",2002-08-25 08:50:00,78.8,60.8,54,9.2,NA,"NNW",NA,30.01,NA,NA,NA,"Clear",0,0,0,0,0,0
202,"Athens","Greece",2002-08-25 09:50:00,82.4,62.6,51,8.1,NA,"NW",NA,30.01,NA,83.4,NA,"Clear",0,0,0,0,0,0
203,"Athens","Greece",2002-08-25 10:50:00,86,60.8,43,11.5,NA,"NNE",NA,30.04,NA,86.1,NA,"Clear",0,0,0,0,0,0
204,"Athens","Greece",2002-08-25 11:50:00,86,59,40,17.3,NA,"North",6.2,30.04,NA,85.4,NA,"Partly Cloudy",0,0,0,0,0,0
205,"Athens","Greece",2002-08-25 12:50:00,87.8,60.8,40,17.3,NA,"North",6.2,30.01,NA,87.6,NA,"Partly Cloudy",0,0,0,0,0,0
206,"Athens","Greece",2002-08-25 13:50:00,89.6,53.6,29,17.3,NA,"North",6.2,30.01,NA,87.3,NA,"Partly Cloudy",0,0,0,0,0,0
207,"Athens","Greece",2002-08-25 14:50:00,89.6,53.6,29,16.1,NA,"North",6.2,30.01,NA,87.3,NA,"Partly Cloudy",0,0,0,0,0,0
208,"Athens","Greece",2002-08-25 15:50:00,89.6,48.2,24,16.1,NA,"NNE",6.2,30.01,NA,NA,NA,"Partly Cloudy",0,0,0,0,0,0
209,"Athens","Greece",2002-08-25 16:50:00,89.6,50,26,16.1,NA,"NNE",NA,30.01,NA,NA,NA,"Clear",0,0,0,0,0,0
210,"Athens","Greece",2002-08-25 17:50:00,87.8,48.2,25,13.8,NA,"NNE",NA,30.01,NA,NA,NA,"Clear",0,0,0,0,0,0
211,"Athens","Greece",2002-08-25 18:50:00,87.8,48.2,25,12.7,NA,"NNE",NA,30.01,NA,NA,NA,"Clear",0,0,0,0,0,0
212,"Athens","Greece",2002-08-25 19:50:00,84.2,48.2,29,13.8,NA,"NNE",NA,30.01,NA,NA,NA,"Clear",0,0,0,0,0,0
213,"Athens","Greece",2002-08-25 20:50:00,82.4,50,32,9.2,NA,"North",NA,30.04,NA,NA,NA,"Clear",0,0,0,0,0,0
214,"Athens","Greece",2002-08-25 21:50:00,80.6,50,34,12.7,NA,"North",NA,30.04,NA,NA,NA,"Clear",0,0,0,0,0,0
215,"Athens","Greece",2002-08-25 22:50:00,80.6,51.8,37,9.2,NA,"NNW",NA,30.04,NA,NA,NA,"Clear",0,0,0,0,0,0
216,"Athens","Greece",2002-08-25 23:50:00,80.6,53.6,39,6.9,NA,"North",NA,30.04,NA,80.3,NA,"Clear",0,0,0,0,0,0
217,"Athens","Greece",2002-08-23 00:50:00,75.2,62.6,65,4.6,NA,"ENE",NA,29.95,NA,NA,NA,"Clear",0,0,0,0,0,0
218,"Athens","Greece",2002-08-23 01:50:00,75.2,62.6,65,4.6,NA,"ENE",NA,29.95,NA,NA,NA,"Clear",0,0,0,0,0,0
219,"Athens","Greece",2002-08-23 02:50:00,73.4,60.8,65,0,NA,"North",NA,29.95,NA,NA,NA,"Clear",0,0,0,0,0,0
220,"Athens","Greece",2002-08-23 04:50:00,71.6,62.6,73,0,NA,"North",NA,29.92,NA,NA,NA,"Clear",0,0,0,0,0,0
221,"Athens","Greece",2002-08-23 05:50:00,71.6,62.6,73,0,NA,"North",NA,29.95,NA,NA,NA,"Clear",0,0,0,0,0,0
222,"Athens","Greece",2002-08-23 06:50:00,71.6,62.6,73,0,NA,"North",NA,29.95,NA,NA,NA,"Clear",0,0,0,0,0,0
223,"Athens","Greece",2002-08-23 07:50:00,71.6,62.6,73,0,NA,"North",NA,29.95,NA,NA,NA,"Clear",0,0,0,0,0,0
224,"Athens","Greece",2002-08-23 09:50:00,82.4,62.6,51,4.6,NA,"SSW",NA,29.98,NA,83.4,NA,"Clear",0,0,0,0,0,0
225,"Athens","Greece",2002-08-23 10:50:00,82.4,66.2,58,4.6,NA,"WSW",NA,30.01,NA,84.6,NA,"Clear",0,0,0,0,0,0
226,"Athens","Greece",2002-08-23 13:50:00,87.8,66.2,49,6.9,NA,"WSW",NA,29.98,NA,90.4,NA,"Clear",0,0,0,0,0,0
227,"Athens","Greece",2002-08-23 15:50:00,87.8,64.4,46,6.9,NA,"WSW",6.2,29.98,NA,89.4,NA,"Partly Cloudy",0,0,0,0,0,0
228,"Athens","Greece",2002-08-23 16:50:00,86,62.6,45,6.9,NA,"South",6.2,29.98,NA,86.6,NA,"Partly Cloudy",0,0,0,0,0,0
229,"Athens","Greece",2002-08-23 17:50:00,87.8,59,38,10.4,NA,"ENE",NA,29.98,NA,87.1,NA,"Clear",0,0,0,0,0,0
230,"Athens","Greece",2002-08-23 18:50:00,84.2,59,42,12.7,NA,"ENE",NA,29.95,NA,83.8,NA,"Clear",0,0,0,0,0,0
231,"Athens","Greece",2002-08-23 19:50:00,82.4,59,45,12.7,NA,"ENE",6.2,29.98,NA,82.5,NA,"Partly Cloudy",0,0,0,0,0,0
232,"Athens","Greece",2002-08-23 20:50:00,80.6,60.8,51,6.9,NA,"ENE",6.2,29.98,NA,81.5,NA,"Partly Cloudy",0,0,0,0,0,0
233,"Athens","Greece",2002-08-23 21:50:00,78.8,66.2,65,0,NA,"North",6.2,29.98,NA,NA,NA,"Partly Cloudy",0,0,0,0,0,0
234,"Athens","Greece",2002-08-23 23:50:00,77,64.4,65,4.6,NA,"North",NA,30.01,NA,NA,NA,"Clear",0,0,0,0,0,0
235,"Athens","Greece",2002-07-25 01:50:00,80.6,64.4,58,0,NA,"North",NA,29.83,NA,82.3,NA,"Clear",0,0,0,0,0,0
236,"Athens","Greece",2002-07-25 03:50:00,78.8,68,69,5.8,NA,"SSE",NA,29.77,NA,NA,NA,"Clear",0,0,0,0,0,0
237,"Athens","Greece",2002-07-25 04:50:00,78.8,68,69,5.8,NA,"SE",NA,29.74,NA,NA,NA,"Clear",0,0,0,0,0,0
238,"Athens","Greece",2002-07-25 05:50:00,78.8,66.2,65,0,NA,"North",NA,29.77,NA,NA,NA,"Clear",0,0,0,0,0,0
239,"Athens","Greece",2002-07-25 06:50:00,77,69.8,78,0,NA,"North",6.2,29.77,NA,NA,NA,"Partly Cloudy",0,0,0,0,0,0
240,"Athens","Greece",2002-07-25 07:50:00,80.6,73.4,79,0,NA,"North",6.2,29.77,NA,85.4,NA,"Partly Cloudy",0,0,0,0,0,0
241,"Athens","Greece",2002-07-25 09:50:00,82.4,73.4,74,0,NA,"North",6.2,29.77,NA,88.2,NA,"Partly Cloudy",0,0,0,0,0,0
242,"Athens","Greece",2002-07-25 10:50:00,84.2,75.2,74,0,NA,"North",6.2,29.8,NA,92.3,NA,"Scattered Clouds",0,0,0,0,0,0
243,"Athens","Greece",2002-07-25 12:50:00,87.8,75.2,66,0,NA,"North",6.2,29.77,NA,97.6,NA,"Scattered Clouds",0,0,0,0,0,0
244,"Athens","Greece",2002-07-25 13:50:00,87.8,73.4,62,6.9,NA,"SW",6.2,29.77,NA,95.6,NA,"Mostly Cloudy",0,0,0,0,0,0
245,"Athens","Greece",2002-07-25 14:50:00,87.8,73.4,62,4.6,NA,"SSW",6.2,29.74,NA,95.6,NA,"Mostly Cloudy",0,0,0,0,0,0
246,"Athens","Greece",2002-07-25 15:50:00,89.6,66.2,46,17.3,NA,"NE",6.2,29.71,NA,92.2,NA,"Mostly Cloudy",0,0,0,0,0,0
247,"Athens","Greece",2002-07-25 16:50:00,89.6,64.4,43,12.7,NA,"ENE",6.2,29.71,NA,91.1,NA,"Scattered Clouds",0,0,0,0,0,0
248,"Athens","Greece",2002-07-25 18:50:00,86,64.4,48,12.7,NA,"ENE",6.2,29.71,NA,87.3,NA,"Scattered Clouds",0,0,0,0,0,0
249,"Athens","Greece",2002-07-25 19:50:00,84.2,64.4,51,17.3,NA,"ENE",6.2,29.68,NA,85.6,NA,"Partly Cloudy",0,0,0,0,0,0
250,"Athens","Greece",2002-07-25 21:50:00,82.4,64.4,54,9.2,NA,"ENE",6.2,29.68,NA,83.9,NA,"Partly Cloudy",0,0,0,0,0,0
251,"Athens","Greece",2002-07-25 22:50:00,82.4,64.4,54,9.2,NA,"ENE",6.2,29.68,NA,83.9,NA,"Partly Cloudy",0,0,0,0,0,0
252,"Athens","Greece",2002-07-25 23:50:00,80.6,69.8,70,0,NA,"North",6.2,29.71,NA,83.9,NA,"Partly Cloudy",0,0,0,0,0,0
253,"Athens","Greece",2002-07-26 00:50:00,80.6,68,65,4.6,NA,"NW",6.2,29.71,NA,83.2,NA,"Partly Cloudy",0,0,0,0,0,0
254,"Athens","Greece",2002-07-26 01:50:00,80.6,71.6,74,0,NA,"North",6.2,29.71,NA,84.6,NA,"Partly Cloudy",0,0,0,0,0,0
255,"Athens","Greece",2002-07-26 03:50:00,78.8,69.8,74,6.9,NA,"NNW",6.2,29.71,NA,NA,NA,"Partly Cloudy",0,0,0,0,0,0
256,"Athens","Greece",2002-07-26 04:50:00,78.8,68,69,6.9,NA,"NNW",6.2,29.71,NA,NA,NA,"Partly Cloudy",0,0,0,0,0,0
257,"Athens","Greece",2002-07-26 05:50:00,77,68,74,0,NA,"North",6.2,29.68,NA,NA,NA,"Partly Cloudy",0,0,0,0,0,0
258,"Athens","Greece",2002-07-26 06:50:00,75.2,68,78,0,NA,"North",6.2,29.71,NA,NA,NA,"Partly Cloudy",0,0,0,0,0,0
259,"Athens","Greece",2002-07-26 07:50:00,78.8,66.2,65,10.4,NA,"ENE",6.2,29.71,NA,NA,NA,"Partly Cloudy",0,0,0,0,0,0
260,"Athens","Greece",2002-07-26 08:50:00,82.4,66.2,58,5.8,NA,"ENE",NA,29.71,NA,84.6,NA,"Clear",0,0,0,0,0,0
261,"Athens","Greece",2002-07-26 09:50:00,84.2,68,58,8.1,NA,"West",6.2,29.71,NA,87.3,NA,"Partly Cloudy",0,0,0,0,0,0
262,"Athens","Greece",2002-07-26 10:50:00,86,69.8,58,6.9,NA,"SW",6.2,29.71,NA,90.4,NA,"Partly Cloudy",0,0,0,0,0,0
263,"Athens","Greece",2002-07-26 11:50:00,87.8,69.8,55,9.2,NA,"SW",6.2,29.74,NA,92.6,NA,"Partly Cloudy",0,0,0,0,0,0
264,"Athens","Greece",2002-07-26 13:50:00,86,71.6,62,11.5,NA,"SSW",6.2,29.74,NA,91.8,NA,"Partly Cloudy",0,0,0,0,0,0
265,"Athens","Greece",2002-07-26 14:50:00,86,71.6,62,13.8,NA,"South",6.2,29.71,NA,91.8,NA,"Scattered Clouds",0,0,0,0,0,0
266,"Athens","Greece",2002-07-26 15:50:00,86,71.6,62,12.7,NA,"South",6.2,29.71,NA,91.8,NA,"Scattered Clouds",0,0,0,0,0,0
267,"Athens","Greece",2002-07-26 16:50:00,86,71.6,62,12.7,NA,"South",6.2,29.71,NA,91.8,NA,"Partly Cloudy",0,0,0,0,0,0
268,"Athens","Greece",2002-07-26 17:50:00,84.2,68,58,12.7,NA,"South",6.2,29.71,NA,87.3,NA,"Partly Cloudy",0,0,0,0,0,0
269,"Athens","Greece",2002-07-26 18:50:00,84.2,71.6,66,12.7,NA,"South",6.2,29.71,NA,89.6,NA,"Partly Cloudy",0,0,0,0,0,0
270,"Athens","Greece",2002-07-26 19:50:00,82.4,69.8,66,9.2,NA,"SSE",6.2,29.71,NA,86.3,NA,"Partly Cloudy",0,0,0,0,0,0
271,"Athens","Greece",2002-07-26 20:50:00,80.6,69.8,70,12.7,NA,"SSE",6.2,29.71,NA,83.9,NA,"Partly Cloudy",0,0,0,0,0,0
272,"Athens","Greece",2002-07-26 21:50:00,80.6,69.8,70,6.9,NA,"SSE",6.2,29.71,NA,83.9,NA,"Partly Cloudy",0,0,0,0,0,0
273,"Athens","Greece",2002-07-26 22:50:00,80.6,69.8,70,8.1,NA,"ESE",6.2,29.71,NA,83.9,NA,"Partly Cloudy",0,0,0,0,0,0
274,"Athens","Greece",2002-07-26 23:50:00,80.6,71.6,74,6.9,NA,"ESE",6.2,29.71,NA,84.6,NA,"Partly Cloudy",0,0,0,0,0,0
275,"Athens","Greece",2002-07-27 00:50:00,78.8,71.6,78,5.8,NA,"ESE",6.2,29.71,NA,NA,NA,"Partly Cloudy",0,0,0,0,0,0
276,"Athens","Greece",2002-07-27 02:50:00,78.8,71.6,78,8.1,NA,"East",6.2,29.71,NA,NA,NA,"Partly Cloudy",0,0,0,0,0,0
277,"Athens","Greece",2002-07-27 03:50:00,78.8,71.6,78,5.8,NA,"SE",6.2,29.71,NA,NA,NA,"Partly Cloudy",0,0,0,0,0,0
278,"Athens","Greece",2002-07-27 04:50:00,77,73.4,89,4.6,NA,"SE",6.2,29.71,NA,NA,NA,"Partly Cloudy",0,0,0,0,0,0
279,"Athens","Greece",2002-07-27 05:50:00,77,69.8,78,4.6,NA,"ESE",6.2,29.71,NA,NA,NA,"Partly Cloudy",0,0,0,0,0,0
280,"Athens","Greece",2002-07-27 06:50:00,77,69.8,78,4.6,NA,"ESE",6.2,29.71,NA,NA,NA,"Partly Cloudy",0,0,0,0,0,0
281,"Athens","Greece",2002-07-27 08:50:00,80.6,68,65,8.1,NA,"East",6.2,29.71,NA,83.2,NA,"Partly Cloudy",0,0,0,0,0,0
282,"Athens","Greece",2002-07-27 09:50:00,82.4,66.2,58,6.9,NA,"East",6.2,29.71,NA,84.6,NA,"Scattered Clouds",0,0,0,0,0,0
283,"Athens","Greece",2002-07-27 10:50:00,86,66.2,51,10.4,NA,"East",6.2,29.71,NA,88.2,NA,"Scattered Clouds",0,0,0,0,0,0
284,"Athens","Greece",2002-07-27 11:50:00,86,66.2,51,8.1,NA,"ESE",6.2,29.71,NA,88.2,NA,"Scattered Clouds",0,0,0,0,0,0
285,"Athens","Greece",2002-07-27 12:50:00,84.2,71.6,66,11.5,NA,"South",6.2,29.71,NA,89.6,NA,"Thunderstorm",0,0,0,0,1,0
286,"Athens","Greece",2002-07-27 13:20:00,84.2,71.6,66,12.7,NA,"South",6.2,29.71,NA,89.6,NA,"Scattered Clouds",0,0,0,0,0,0
287,"Athens","Greece",2002-07-27 13:50:00,86,69.8,58,15,NA,"South",6.2,29.71,NA,90.4,NA,"Scattered Clouds",0,0,0,0,0,0
288,"Athens","Greece",2002-07-27 14:50:00,86,68,55,18.4,NA,"South",6.2,29.71,NA,89.4,NA,"Scattered Clouds",0,0,0,0,0,0
289,"Athens","Greece",2002-07-27 15:50:00,86,69.8,58,19.6,NA,"South",6.2,29.74,NA,90.4,NA,"Scattered Clouds",0,0,0,0,0,0
290,"Athens","Greece",2002-07-27 16:50:00,84.2,71.6,66,17.3,NA,"South",6.2,29.71,NA,89.6,NA,"Scattered Clouds",0,0,0,0,0,0
291,"Athens","Greece",2002-07-27 17:50:00,84.2,68,58,18.4,NA,"South",6.2,29.71,NA,87.3,NA,"Scattered Clouds",0,0,0,0,0,0
292,"Athens","Greece",2002-07-27 18:50:00,82.4,69.8,66,21.9,NA,"South",6.2,29.71,NA,86.3,NA,"Scattered Clouds",0,0,0,0,0,0
293,"Athens","Greece",2002-07-27 19:50:00,80.6,69.8,70,20.7,32.2,"South",6.2,29.71,NA,83.9,NA,"Scattered Clouds",0,0,0,0,0,0
294,"Athens","Greece",2002-07-27 20:50:00,78.8,66.2,65,5.8,NA,"NW",6.2,29.71,NA,NA,NA,"Scattered Clouds",0,0,0,0,0,0
295,"Athens","Greece",2002-07-27 21:50:00,78.8,69.8,74,12.7,NA,"South",6.2,29.71,NA,NA,NA,"Scattered Clouds",0,0,0,0,0,0
296,"Athens","Greece",2002-07-27 22:50:00,78.8,66.2,65,5.8,NA,"SSW",6.2,29.74,NA,NA,NA,"Scattered Clouds",0,0,0,0,0,0
297,"Athens","Greece",2002-07-27 23:50:00,78.8,66.2,65,4.6,NA,"SSW",6.2,29.74,NA,NA,NA,"Scattered Clouds",0,0,0,0,0,0
298,"Athens","Greece",2002-07-28 00:50:00,78.8,68,69,6.9,NA,"South",6.2,29.74,NA,NA,NA,"Mostly Cloudy",0,0,0,0,0,0
299,"Athens","Greece",2002-07-28 01:50:00,77,68,74,0,NA,"North",6.2,29.77,NA,NA,NA,"Scattered Clouds",0,0,0,0,0,0
300,"Athens","Greece",2002-07-28 02:50:00,78.8,68,69,6.9,NA,"SSE",6.2,29.77,NA,NA,NA,"Scattered Clouds",0,0,0,0,0,0
301,"Athens","Greece",2002-07-28 03:50:00,77,68,74,9.2,NA,"South",6.2,29.77,NA,NA,NA,"Mostly Cloudy",0,0,0,0,0,0
302,"Athens","Greece",2002-07-28 04:50:00,77,68,74,6.9,NA,"South",6.2,29.77,NA,NA,NA,"Scattered Clouds",0,0,0,0,0,0
303,"Athens","Greece",2002-07-28 05:50:00,77,66.2,69,12.7,NA,"South",6.2,29.77,NA,NA,NA,"Scattered Clouds",0,0,0,0,0,0
304,"Athens","Greece",2002-07-28 06:50:00,77,66.2,69,9.2,NA,"SSE",6.2,29.8,NA,NA,NA,"Scattered Clouds",0,0,0,0,0,0
305,"Athens","Greece",2002-07-28 07:50:00,77,68,74,9.2,NA,"South",6.2,29.8,NA,NA,NA,"Scattered Clouds",0,0,0,0,0,0
306,"Athens","Greece",2002-07-28 08:50:00,80.6,66.2,61,10.4,NA,"South",6.2,29.8,NA,82.7,NA,"Scattered Clouds",0,0,0,0,0,0
307,"Athens","Greece",2002-07-28 09:50:00,82.4,68,62,11.5,NA,"South",6.2,29.83,NA,85.4,NA,"Mostly Cloudy",0,0,0,0,0,0
308,"Athens","Greece",2002-07-28 10:50:00,82.4,66.2,58,13.8,NA,"South",6.2,29.86,NA,84.6,NA,"Mostly Cloudy",0,0,0,0,0,0
309,"Athens","Greece",2002-07-28 11:50:00,82.4,68,62,16.1,NA,"South",6.2,29.86,NA,85.4,NA,"Mostly Cloudy",0,0,0,0,0,0
310,"Athens","Greece",2002-07-28 12:50:00,84.2,68,58,13.8,NA,"South",6.2,29.86,NA,87.3,NA,"Mostly Cloudy",0,0,0,0,0,0
311,"Athens","Greece",2002-07-28 13:50:00,84.2,68,58,12.7,NA,"South",6.2,29.86,NA,87.3,NA,"Mostly Cloudy",0,0,0,0,0,0
312,"Athens","Greece",2002-07-28 14:50:00,82.4,66.2,58,13.8,NA,"South",6.2,29.86,NA,84.6,NA,"Mostly Cloudy",0,0,0,0,0,0
313,"Athens","Greece",2002-07-28 15:50:00,84.2,62.6,48,17.3,NA,"SSE",6.2,29.83,NA,85,NA,"Mostly Cloudy",0,0,0,0,0,0
314,"Athens","Greece",2002-07-28 16:20:00,84.2,62.6,48,20.7,32.2,"SSE",6.2,29.8,NA,85,NA,"Mostly Cloudy",0,0,0,0,0,0
315,"Athens","Greece",2002-07-28 16:50:00,82.4,66.2,58,21.9,33.4,"SSE",6.2,29.8,NA,84.6,NA,"Scattered Clouds",0,0,0,0,0,0
316,"Athens","Greece",2002-07-28 18:50:00,80.6,71.6,74,21.9,36.8,"WSW",6.2,29.86,NA,84.6,NA,"Mostly Cloudy",0,0,0,0,0,0
317,"Athens","Greece",2002-07-28 19:50:00,75.2,64.4,69,12.7,NA,"NW",6.2,29.89,NA,NA,NA,"Mostly Cloudy",0,0,0,0,0,0
318,"Athens","Greece",2002-07-28 20:50:00,75.2,59,57,5.8,NA,"NW",6.2,29.89,NA,NA,NA,"Partly Cloudy",0,0,0,0,0,0
319,"Athens","Greece",2002-07-28 23:50:00,75.2,57.2,53,4.6,NA,"North",6.2,29.89,NA,NA,NA,"Scattered Clouds",0,0,0,0,0,0
320,"Athens","Greece",2002-07-30 00:50:00,77,69.8,78,5.8,NA,"ESE",NA,29.86,NA,NA,NA,"Clear",0,0,0,0,0,0
321,"Athens","Greece",2002-07-30 01:50:00,77,68,74,4.6,NA,"ESE",NA,29.86,NA,NA,NA,"Clear",0,0,0,0,0,0
322,"Athens","Greece",2002-07-30 02:50:00,77,69.8,78,4.6,NA,"East",6.2,29.86,NA,NA,NA,"Partly Cloudy",0,0,0,0,0,0
323,"Athens","Greece",2002-07-30 03:50:00,77,69.8,78,0,NA,"North",6.2,29.83,NA,NA,NA,"Partly Cloudy",0,0,0,0,0,0
324,"Athens","Greece",2002-07-30 04:50:00,75.2,66.2,73,0,NA,"North",6.2,29.83,NA,NA,NA,"Partly Cloudy",0,0,0,0,0,0
325,"Athens","Greece",2002-07-30 05:50:00,75.2,66.2,73,0,NA,"North",6.2,29.83,NA,NA,NA,"Partly Cloudy",0,0,0,0,0,0
326,"Athens","Greece",2002-07-30 06:50:00,75.2,66.2,73,0,NA,"North",6.2,29.83,NA,NA,NA,"Partly Cloudy",0,0,0,0,0,0
327,"Athens","Greece",2002-07-30 09:50:00,84.2,71.6,66,8.1,NA,"West",6.2,29.86,NA,89.6,NA,"Partly Cloudy",0,0,0,0,0,0
328,"Athens","Greece",2002-07-30 10:50:00,86,69.8,58,5.8,NA,"West",6.2,29.86,NA,90.4,NA,"Partly Cloudy",0,0,0,0,0,0
329,"Athens","Greece",2002-07-30 11:50:00,86,71.6,62,6.9,NA,"SW",6.2,29.86,NA,91.8,NA,"Partly Cloudy",0,0,0,0,0,0
330,"Athens","Greece",2002-07-30 12:50:00,86,71.6,62,9.2,NA,"SW",6.2,29.86,NA,91.8,NA,"Scattered Clouds",0,0,0,0,0,0
331,"Athens","Greece",2002-07-30 13:50:00,86,69.8,58,9.2,NA,"South",6.2,29.83,NA,90.4,NA,"Partly Cloudy",0,0,0,0,0,0
332,"Athens","Greece",2002-07-30 14:50:00,84.2,69.8,62,11.5,NA,"SSW",6.2,29.86,NA,88.4,NA,"Partly Cloudy",0,0,0,0,0,0
333,"Athens","Greece",2002-07-30 16:50:00,84.2,69.8,62,11.5,NA,"South",6.2,29.83,NA,88.4,NA,"Partly Cloudy",0,0,0,0,0,0
334,"Athens","Greece",2002-07-30 17:50:00,84.2,69.8,62,12.7,NA,"South",6.2,29.8,NA,88.4,NA,"Partly Cloudy",0,0,0,0,0,0
335,"Athens","Greece",2002-07-30 18:50:00,82.4,71.6,70,11.5,NA,"South",6.2,29.8,NA,87.2,NA,"Partly Cloudy",0,0,0,0,0,0
336,"Athens","Greece",2002-07-30 19:50:00,80.6,71.6,74,8.1,NA,"South",6.2,29.8,NA,84.6,NA,"Partly Cloudy",0,0,0,0,0,0
337,"Athens","Greece",2002-07-30 20:50:00,80.6,69.8,70,5.8,NA,"SSE",6.2,29.8,NA,83.9,NA,"Partly Cloudy",0,0,0,0,0,0
338,"Athens","Greece",2002-07-30 21:50:00,78.8,71.6,78,0,NA,"North",6.2,29.83,NA,NA,NA,"Partly Cloudy",0,0,0,0,0,0
339,"Athens","Greece",2002-07-30 22:50:00,78.8,69.8,74,0,NA,"North",6.2,29.83,NA,NA,NA,"Partly Cloudy",0,0,0,0,0,0
340,"Athens","Greece",2002-07-30 23:50:00,78.8,69.8,74,4.6,NA,"NW",6.2,29.83,NA,NA,NA,"Partly Cloudy",0,0,0,0,0,0
341,"Athens","Greece",2002-07-31 00:50:00,77,68,74,0,NA,"North",6.2,29.83,NA,NA,NA,"Partly Cloudy",0,0,0,0,0,0
342,"Athens","Greece",2002-07-31 01:50:00,77,69.8,78,0,NA,"North",6.2,29.8,NA,NA,NA,"Partly Cloudy",0,0,0,0,0,0
343,"Athens","Greece",2002-07-31 02:50:00,77,68,74,0,NA,"North",6.2,29.8,NA,NA,NA,"Partly Cloudy",0,0,0,0,0,0
344,"Athens","Greece",2002-07-31 03:50:00,75.2,68,78,0,NA,"North",6.2,29.8,NA,NA,NA,"Partly Cloudy",0,0,0,0,0,0
345,"Athens","Greece",2002-07-31 05:50:00,75.2,68,78,0,NA,"North",6.2,29.8,NA,NA,NA,"Partly Cloudy",0,0,0,0,0,0
346,"Athens","Greece",2002-07-31 06:50:00,73.4,66.2,78,0,NA,"North",6.2,29.8,NA,NA,NA,"Partly Cloudy",0,0,0,0,0,0
347,"Athens","Greece",2002-07-31 07:50:00,75.2,66.2,73,0,NA,"North",6.2,29.8,NA,NA,NA,"Partly Cloudy",0,0,0,0,0,0
348,"Athens","Greece",2002-07-31 08:50:00,78.8,68,69,0,NA,"North",NA,29.83,NA,NA,NA,"Clear",0,0,0,0,0,0
349,"Athens","Greece",2002-07-31 09:50:00,82.4,68,62,6.9,NA,"West",6.2,29.8,NA,85.4,NA,"Partly Cloudy",0,0,0,0,0,0
350,"Athens","Greece",2002-07-31 10:50:00,86,68,55,6.9,NA,"West",6.2,29.83,NA,89.4,NA,"Partly Cloudy",0,0,0,0,0,0
351,"Athens","Greece",2002-07-31 11:50:00,87.8,66.2,49,8.1,NA,"West",6.2,29.83,NA,90.4,NA,"Partly Cloudy",0,0,0,0,0,0
352,"Athens","Greece",2002-07-31 12:50:00,87.8,69.8,55,6.9,NA,"West",6.2,29.83,NA,92.6,NA,"Partly Cloudy",0,0,0,0,0,0
353,"Athens","Greece",2002-07-31 13:50:00,87.8,69.8,55,6.9,NA,"SW",6.2,29.83,NA,92.6,NA,"Partly Cloudy",0,0,0,0,0,0
354,"Athens","Greece",2002-07-31 14:50:00,86,68,55,8.1,NA,"SSW",6.2,29.83,NA,89.4,NA,"Partly Cloudy",0,0,0,0,0,0
355,"Athens","Greece",2002-07-31 15:50:00,86,69.8,58,9.2,NA,"SSW",6.2,29.83,NA,90.4,NA,"Partly Cloudy",0,0,0,0,0,0
356,"Athens","Greece",2002-07-31 16:50:00,86,71.6,62,12.7,NA,"SSW",6.2,29.83,NA,91.8,NA,"Partly Cloudy",0,0,0,0,0,0
357,"Athens","Greece",2002-07-31 17:50:00,84.2,71.6,66,11.5,NA,"South",6.2,29.8,NA,89.6,NA,"Partly Cloudy",0,0,0,0,0,0
358,"Athens","Greece",2002-07-31 18:50:00,82.4,71.6,70,10.4,NA,"SSW",6.2,29.8,NA,87.2,NA,"Partly Cloudy",0,0,0,0,0,0
359,"Athens","Greece",2002-07-31 22:50:00,80.6,64.4,58,13.8,NA,"NW",6.2,29.86,NA,82.3,NA,"Partly Cloudy",0,0,0,0,0,0
360,"Athens","Greece",2002-07-31 23:50:00,80.6,64.4,58,13.8,NA,"NW",6.2,29.86,NA,82.3,NA,"Partly Cloudy",0,0,0,0,0,0
361,"Athens","Greece",2002-08-01 00:50:00,80.6,66.2,61,12.7,NA,"NW",6.2,29.86,NA,82.7,NA,"Partly Cloudy",0,0,0,0,0,0
362,"Athens","Greece",2002-08-01 01:50:00,78.8,68,69,11.5,NA,"NW",6.2,29.86,NA,NA,NA,"Partly Cloudy",0,0,0,0,0,0
363,"Athens","Greece",2002-08-01 02:50:00,78.8,68,69,11.5,NA,"WNW",6.2,29.86,NA,NA,NA,"Partly Cloudy",0,0,0,0,0,0
364,"Athens","Greece",2002-08-01 03:50:00,78.8,66.2,65,11.5,NA,"WNW",6.2,29.83,NA,NA,NA,"Partly Cloudy",0,0,0,0,0,0
365,"Athens","Greece",2002-08-01 04:50:00,78.8,66.2,65,9.2,NA,"NNW",6.2,29.83,NA,NA,NA,"Partly Cloudy",0,0,0,0,0,0
366,"Athens","Greece",2002-08-01 06:50:00,75.2,68,78,6.9,NA,"North",6.2,29.86,NA,NA,NA,"Partly Cloudy",0,0,0,0,0,0
367,"Athens","Greece",2002-08-01 07:50:00,77,66.2,69,6.9,NA,"NW",6.2,29.86,NA,NA,NA,"Partly Cloudy",0,0,0,0,0,0
368,"Athens","Greece",2002-08-01 08:50:00,80.6,66.2,61,8.1,NA,"WNW",NA,29.86,NA,82.7,NA,"Clear",0,0,0,0,0,0
369,"Athens","Greece",2002-08-01 10:50:00,86,66.2,51,10.4,NA,"WNW",NA,29.89,NA,88.2,NA,"Clear",0,0,0,0,0,0
370,"Athens","Greece",2002-08-01 11:50:00,87.8,66.2,49,11.5,NA,"WNW",6.2,29.89,NA,90.4,NA,"Partly Cloudy",0,0,0,0,0,0
371,"Athens","Greece",2002-08-01 12:50:00,89.6,68,49,8.1,NA,"West",6.2,29.89,NA,93.4,NA,"Partly Cloudy",0,0,0,0,0,0
372,"Athens","Greece",2002-08-01 14:50:00,91.4,68,46,6.9,NA,"WSW",6.2,29.83,NA,95.4,NA,"Partly Cloudy",0,0,0,0,0,0
373,"Athens","Greece",2002-08-01 16:50:00,87.8,71.6,58,10.4,NA,"SSW",6.2,29.83,NA,93.8,NA,"Partly Cloudy",0,0,0,0,0,0
374,"Athens","Greece",2002-08-01 17:50:00,86,69.8,58,10.4,NA,"South",6.2,29.83,NA,90.4,NA,"Partly Cloudy",0,0,0,0,0,0
375,"Athens","Greece",2002-08-01 18:50:00,84.2,69.8,62,9.2,NA,"South",6.2,29.83,NA,88.4,NA,"Partly Cloudy",0,0,0,0,0,0
376,"Athens","Greece",2002-08-01 20:50:00,82.4,66.2,58,12.7,NA,"WNW",6.2,29.83,NA,84.6,NA,"Partly Cloudy",0,0,0,0,0,0
377,"Athens","Greece",2002-08-01 22:50:00,80.6,68,65,13.8,NA,"NW",6.2,29.86,NA,83.2,NA,"Partly Cloudy",0,0,0,0,0,0
378,"Athens","Greece",2002-08-01 23:50:00,80.6,69.8,70,11.5,NA,"WNW",6.2,29.86,NA,83.9,NA,"Partly Cloudy",0,0,0,0,0,0
379,"Athens","Greece",2002-08-06 00:50:00,86,68,55,11.5,NA,"WNW",6.2,29.83,NA,89.4,NA,"Partly Cloudy",0,0,0,0,0,0
380,"Athens","Greece",2002-08-06 01:50:00,86,66.2,51,9.2,NA,"NW",6.2,29.8,NA,88.2,NA,"Partly Cloudy",0,0,0,0,0,0
381,"Athens","Greece",2002-08-06 02:50:00,82.4,66.2,58,0,NA,"North",NA,29.83,NA,84.6,NA,"Unknown",0,0,0,0,0,0
382,"Athens","Greece",2002-08-06 03:50:00,84.2,66.2,55,10.4,NA,"NW",NA,29.8,NA,86.6,NA,"Unknown",0,0,0,0,0,0
383,"Athens","Greece",2002-08-06 04:50:00,84.2,66.2,55,11.5,NA,"WNW",NA,29.8,NA,86.6,NA,"Unknown",0,0,0,0,0,0
384,"Athens","Greece",2002-08-06 06:50:00,82.4,68,62,4.6,NA,"NNW",NA,29.8,NA,85.4,NA,"Clear",0,0,0,0,0,0
385,"Athens","Greece",2002-08-06 07:50:00,84.2,66.2,55,9.2,NA,"NW",NA,29.8,NA,86.6,NA,"Clear",0,0,0,0,0,0
386,"Athens","Greece",2002-08-06 09:50:00,89.6,68,49,4.6,NA,"West",NA,29.8,NA,93.4,NA,"Clear",0,0,0,0,0,0
387,"Athens","Greece",2002-08-06 11:50:00,91.4,75.2,59,9.2,NA,"WSW",NA,29.83,NA,102.5,NA,"Clear",0,0,0,0,0,0
388,"Athens","Greece",2002-08-06 12:50:00,93.2,71.6,49,6.9,NA,"WSW",NA,29.83,NA,100.5,NA,"Clear",0,0,0,0,0,0
389,"Athens","Greece",2002-08-06 14:50:00,95,68,41,5.8,NA,"South",6.2,29.8,NA,99.5,NA,"Partly Cloudy",0,0,0,0,0,0
390,"Athens","Greece",2002-08-06 16:50:00,91.4,73.4,55,11.5,NA,"South",6.2,29.8,NA,100.1,NA,"Partly Cloudy",0,0,0,0,0,0
391,"Athens","Greece",2002-08-06 17:50:00,89.6,77,66,11.5,NA,"South",6.2,29.8,NA,102.2,NA,"Partly Cloudy",0,0,0,0,0,0
392,"Athens","Greece",2002-08-06 18:50:00,89.6,71.6,55,9.2,NA,"South",6.2,29.77,NA,96.2,NA,"Partly Cloudy",0,0,0,0,0,0
393,"Athens","Greece",2002-08-06 19:50:00,86,77,74,6.9,NA,"South",NA,29.8,NA,96.9,NA,"Clear",0,0,0,0,0,0
394,"Athens","Greece",2002-08-06 20:50:00,84.2,77,79,5.8,NA,"South",NA,29.8,NA,94.1,NA,"Clear",0,0,0,0,0,0
395,"Athens","Greece",2002-08-06 21:50:00,84.2,73.4,70,5.8,NA,"SSE",NA,29.8,NA,90.9,NA,"Clear",0,0,0,0,0,0
396,"Athens","Greece",2002-08-06 22:50:00,84.2,73.4,70,0,NA,"North",NA,29.83,NA,90.9,NA,"Clear",0,0,0,0,0,0
397,"Athens","Greece",2002-08-06 23:50:00,82.4,71.6,70,0,NA,"North",NA,29.8,NA,87.2,NA,"Clear",0,0,0,0,0,0
398,"Athens","Greece",2002-08-08 00:50:00,82.4,60.8,48,13.8,25.3,"NW",NA,29.65,NA,82.9,NA,"Clear",0,0,0,0,0,0
399,"Athens","Greece",2002-08-08 01:50:00,80.6,60.8,51,20.7,NA,"WNW",NA,29.65,NA,81.5,NA,"Clear",0,0,0,0,0,0
400,"Athens","Greece",2002-08-08 03:50:00,80.6,62.6,54,18.4,NA,"WNW",NA,29.65,NA,81.8,NA,"Clear",0,0,0,0,0,0
401,"Athens","Greece",2002-08-08 04:50:00,78.8,62.6,57,18.4,NA,"WNW",NA,29.65,NA,NA,NA,"Clear",0,0,0,0,0,0
402,"Athens","Greece",2002-08-08 05:50:00,78.8,62.6,57,18.4,NA,"NW",NA,29.65,NA,NA,NA,"Clear",0,0,0,0,0,0
403,"Athens","Greece",2002-08-08 06:50:00,78.8,64.4,61,0,NA,"North",NA,29.65,NA,NA,NA,"Clear",0,0,0,0,0,0
404,"Athens","Greece",2002-08-08 08:50:00,78.8,62.6,57,16.1,NA,"NW",NA,29.68,NA,NA,NA,"Clear",0,0,0,0,0,0
405,"Athens","Greece",2002-08-08 09:50:00,82.4,62.6,51,13.8,NA,"WNW",NA,29.68,NA,83.4,NA,"Clear",0,0,0,0,0,0
406,"Athens","Greece",2002-08-08 10:50:00,84.2,62.6,48,13.8,NA,"WNW",NA,29.68,NA,85,NA,"Clear",0,0,0,0,0,0
407,"Athens","Greece",2002-08-08 11:50:00,86,60.8,43,17.3,NA,"WNW",NA,29.68,NA,86.1,NA,"Clear",0,0,0,0,0,0
408,"Athens","Greece",2002-08-08 12:50:00,87.8,62.6,43,12.7,NA,"WNW",NA,29.68,NA,88.5,NA,"Clear",0,0,0,0,0,0
409,"Athens","Greece",2002-08-08 13:50:00,89.6,64.4,43,10.4,NA,"West",6.2,29.71,NA,91.1,NA,"Partly Cloudy",0,0,0,0,0,0
410,"Athens","Greece",2002-08-08 14:50:00,91.4,66.2,43,12.7,NA,"West",6.2,29.68,NA,94,NA,"Partly Cloudy",0,0,0,0,0,0
411,"Athens","Greece",2002-08-08 16:50:00,89.6,62.6,40,15,NA,"WNW",6.2,29.68,NA,90.1,NA,"Partly Cloudy",0,0,0,0,0,0
412,"Athens","Greece",2002-08-08 17:50:00,89.6,62.6,40,17.3,NA,"WNW",6.2,29.68,NA,90.1,NA,"Partly Cloudy",0,0,0,0,0,0
413,"Athens","Greece",2002-08-08 18:50:00,87.8,62.6,43,17.3,NA,"WNW",6.2,29.68,NA,88.5,NA,"Partly Cloudy",0,0,0,0,0,0
414,"Athens","Greece",2002-08-08 20:50:00,84.2,64.4,51,13.8,NA,"NW",6.2,29.68,NA,85.6,NA,"Partly Cloudy",0,0,0,0,0,0
415,"Athens","Greece",2002-08-08 21:50:00,82.4,62.6,51,8.1,NA,"WNW",6.2,29.71,NA,83.4,NA,"Partly Cloudy",0,0,0,0,0,0
416,"Athens","Greece",2002-08-08 22:50:00,82.4,62.6,51,10.4,NA,"NW",6.2,29.71,NA,83.4,NA,"Partly Cloudy",0,0,0,0,0,0
417,"Athens","Greece",2002-08-08 23:50:00,80.6,66.2,61,4.6,NA,"NW",6.2,29.74,NA,82.7,NA,"Partly Cloudy",0,0,0,0,0,0
418,"Athens","Greece",2002-08-09 00:50:00,80.6,66.2,61,10.4,NA,"WNW",6.2,29.74,NA,82.7,NA,"Partly Cloudy",0,0,0,0,0,0
419,"Athens","Greece",2002-08-09 01:50:00,78.8,64.4,61,5.8,NA,"WNW",6.2,29.74,NA,NA,NA,"Partly Cloudy",0,0,0,0,0,0
420,"Athens","Greece",2002-08-09 03:50:00,78.8,64.4,61,5.8,NA,"NW",6.2,29.74,NA,NA,NA,"Partly Cloudy",0,0,0,0,0,0
421,"Athens","Greece",2002-08-09 05:50:00,77,66.2,69,10.4,NA,"WNW",6.2,29.74,NA,NA,NA,"Partly Cloudy",0,0,0,0,0,0
422,"Athens","Greece",2002-08-09 08:50:00,80.6,66.2,61,9.2,NA,"WNW",NA,29.77,NA,82.7,NA,"Clear",0,0,0,0,0,0
423,"Athens","Greece",2002-08-09 09:50:00,82.4,66.2,58,9.2,NA,"West",6.2,29.8,NA,84.6,NA,"Partly Cloudy",0,0,0,0,0,0
424,"Athens","Greece",2002-08-09 10:50:00,87.8,68,52,10.4,NA,"West",6.2,29.8,NA,91.4,NA,"Partly Cloudy",0,0,0,0,0,0
425,"Athens","Greece",2002-08-09 12:50:00,91.4,68,46,10.4,NA,"West",6.2,29.83,NA,95.4,NA,"Partly Cloudy",0,0,0,0,0,0
426,"Athens","Greece",2002-08-09 13:50:00,91.4,68,46,8.1,NA,"West",6.2,29.83,NA,95.4,NA,"Partly Cloudy",0,0,0,0,0,0
427,"Athens","Greece",2002-08-09 14:50:00,91.4,68,46,6.9,NA,"WSW",6.2,29.8,NA,95.4,NA,"Partly Cloudy",0,0,0,0,0,0
428,"Athens","Greece",2002-08-09 15:50:00,91.4,68,46,6.9,NA,"WSW",6.2,29.8,NA,95.4,NA,"Partly Cloudy",0,0,0,0,0,0
429,"Athens","Greece",2002-08-09 16:50:00,89.6,62.6,40,5.8,NA,"SSW",6.2,29.8,NA,90.1,NA,"Partly Cloudy",0,0,0,0,0,0
430,"Athens","Greece",2002-08-09 17:50:00,87.8,69.8,55,11.5,NA,"South",6.2,29.8,NA,92.6,NA,"Partly Cloudy",0,0,0,0,0,0
431,"Athens","Greece",2002-08-09 18:50:00,86,66.2,51,11.5,NA,"South",6.2,29.8,NA,88.2,NA,"Partly Cloudy",0,0,0,0,0,0
432,"Athens","Greece",2002-08-09 20:50:00,80.6,69.8,70,8.1,NA,"SSE",6.2,29.83,NA,83.9,NA,"Partly Cloudy",0,0,0,0,0,0
433,"Athens","Greece",2002-08-09 21:50:00,80.6,66.2,61,5.8,NA,"SE",6.2,29.83,NA,82.7,NA,"Partly Cloudy",0,0,0,0,0,0
434,"Athens","Greece",2002-08-09 22:50:00,80.6,66.2,61,4.6,NA,"SSE",6.2,29.86,NA,82.7,NA,"Partly Cloudy",0,0,0,0,0,0
435,"Athens","Greece",2002-08-09 23:50:00,78.8,62.6,57,4.6,NA,"SE",6.2,29.86,NA,NA,NA,"Partly Cloudy",0,0,0,0,0,0
436,"Athens","Greece",2002-08-07 01:50:00,82.4,68,62,5.8,NA,"North",NA,29.8,NA,85.4,NA,"Clear",0,0,0,0,0,0
437,"Athens","Greece",2002-08-07 03:50:00,84.2,68,58,0,NA,"North",NA,29.77,NA,87.3,NA,"Clear",0,0,0,0,0,0
438,"Athens","Greece",2002-08-07 04:50:00,84.2,64.4,51,5.8,NA,"WNW",NA,29.74,NA,85.6,NA,"Clear",0,0,0,0,0,0
439,"Athens","Greece",2002-08-07 05:50:00,82.4,66.2,58,4.6,NA,"NW",NA,29.74,NA,84.6,NA,"Clear",0,0,0,0,0,0
440,"Athens","Greece",2002-08-07 06:50:00,80.6,69.8,70,0,NA,"North",NA,29.74,NA,83.9,NA,"Clear",0,0,0,0,0,0
441,"Athens","Greece",2002-08-07 07:50:00,80.6,71.6,74,0,NA,"North",NA,29.74,NA,84.6,NA,"Clear",0,0,0,0,0,0
442,"Athens","Greece",2002-08-07 08:50:00,84.2,66.2,55,0,NA,"North",NA,29.74,NA,86.6,NA,"Clear",0,0,0,0,0,0
443,"Athens","Greece",2002-08-07 09:50:00,87.8,71.6,58,6.9,NA,"WSW",NA,29.71,NA,93.8,NA,"Clear",0,0,0,0,0,0
444,"Athens","Greece",2002-08-07 10:50:00,89.6,66.2,46,0,NA,"North",NA,29.71,NA,92.2,NA,"Clear",0,0,0,0,0,0
445,"Athens","Greece",2002-08-07 12:50:00,93.2,68,44,10.4,NA,"South",NA,29.65,NA,97.7,NA,"Clear",0,0,0,0,0,0
446,"Athens","Greece",2002-08-07 13:50:00,95,62.6,34,11.5,NA,"SSE",NA,29.62,NA,96,NA,"Clear",0,0,0,0,0,0
447,"Athens","Greece",2002-08-07 16:50:00,95,69.8,44,9.2,NA,"WNW",NA,29.56,NA,101.3,NA,"Clear",0,0,0,0,0,0
448,"Athens","Greece",2002-08-07 18:50:00,91.4,62.6,38,19.6,NA,"WNW",NA,29.56,NA,92.1,NA,"Clear",0,0,0,0,0,0
449,"Athens","Greece",2002-08-07 19:50:00,87.8,64.4,46,25.3,NA,"WNW",NA,29.56,NA,89.4,NA,"Clear",0,0,0,0,0,0
450,"Athens","Greece",2002-08-07 20:50:00,87.8,59,38,25.3,NA,"WNW",NA,29.56,NA,87.1,NA,"Clear",0,0,0,0,0,0
451,"Athens","Greece",2002-08-07 22:50:00,84.2,62.6,48,21.9,33.4,"WNW",NA,29.62,NA,85,NA,"Clear",0,0,0,0,0,0
452,"Athens","Greece",2002-08-07 23:50:00,82.4,64.4,54,23,34.5,"NW",NA,29.62,NA,83.9,NA,"Clear",0,0,0,0,0,0
453,"Athens","Greece",2002-08-10 00:50:00,78.8,68,69,0,NA,"North",NA,29.83,NA,NA,NA,"Clear",0,0,0,0,0,0
454,"Athens","Greece",2002-08-10 01:50:00,77,68,74,0,NA,"North",NA,29.83,NA,NA,NA,"Clear",0,0,0,0,0,0
455,"Athens","Greece",2002-08-10 03:50:00,75.2,68,78,0,NA,"North",NA,29.83,NA,NA,NA,"Clear",0,0,0,0,0,0
456,"Athens","Greece",2002-08-10 04:50:00,73.4,68,83,0,NA,"North",NA,29.83,NA,NA,NA,"Clear",0,0,0,0,0,0
457,"Athens","Greece",2002-08-10 05:50:00,73.4,68,83,0,NA,"North",NA,29.83,NA,NA,NA,"Clear",0,0,0,0,0,0
458,"Athens","Greece",2002-08-10 06:50:00,73.4,68,83,0,NA,"North",NA,29.83,NA,NA,NA,"Clear",0,0,0,0,0,0
459,"Athens","Greece",2002-08-10 08:50:00,78.8,71.6,78,0,NA,"North",NA,29.86,NA,NA,NA,"Clear",0,0,0,0,0,0
460,"Athens","Greece",2002-08-10 09:50:00,82.4,69.8,66,4.6,NA,"WNW",NA,29.86,NA,86.3,NA,"Clear",0,0,0,0,0,0
461,"Athens","Greece",2002-08-10 12:50:00,87.8,69.8,55,6.9,NA,"SW",NA,29.89,NA,92.6,NA,"Clear",0,0,0,0,0,0
462,"Athens","Greece",2002-08-10 14:50:00,87.8,66.2,49,9.2,NA,"South",NA,29.83,NA,90.4,NA,"Clear",0,0,0,0,0,0
463,"Athens","Greece",2002-08-10 15:50:00,89.6,68,49,12.7,NA,"South",NA,29.83,NA,93.4,NA,"Clear",0,0,0,0,0,0
464,"Athens","Greece",2002-08-10 18:50:00,84.2,68,58,10.4,NA,"South",NA,29.83,NA,87.3,NA,"Clear",0,0,0,0,0,0
465,"Athens","Greece",2002-08-10 19:50:00,82.4,69.8,66,10.4,NA,"SSE",NA,29.83,NA,86.3,NA,"Clear",0,0,0,0,0,0
466,"Athens","Greece",2002-08-10 20:50:00,80.6,69.8,70,8.1,NA,"SE",NA,29.83,NA,83.9,NA,"Clear",0,0,0,0,0,0
467,"Athens","Greece",2002-08-10 21:50:00,82.4,64.4,54,6.9,NA,"SE",NA,29.83,NA,83.9,NA,"Clear",0,0,0,0,0,0
468,"Athens","Greece",2002-08-10 22:50:00,82.4,60.8,48,6.9,NA,"SE",NA,29.86,NA,82.9,NA,"Clear",0,0,0,0,0,0
469,"Athens","Greece",2002-08-10 23:50:00,82.4,62.6,51,6.9,NA,"SE",NA,29.83,NA,83.4,NA,"Clear",0,0,0,0,0,0
470,"Athens","Greece",2002-08-13 00:50:00,78.8,60.8,54,19.6,NA,"NW",NA,29.74,NA,NA,NA,"Clear",0,0,0,0,0,0
471,"Athens","Greece",2002-08-13 01:50:00,78.8,59,51,12.7,NA,"NW",NA,29.74,NA,NA,NA,"Clear",0,0,0,0,0,0
472,"Athens","Greece",2002-08-13 02:50:00,77,59,54,16.1,NA,"NW",NA,29.74,NA,NA,NA,"Clear",0,0,0,0,0,0
473,"Athens","Greece",2002-08-13 03:50:00,77,59,54,16.1,NA,"NW",NA,29.74,NA,NA,NA,"Clear",0,0,0,0,0,0
474,"Athens","Greece",2002-08-13 04:50:00,77,59,54,6.9,NA,"North",NA,29.74,NA,NA,NA,"Clear",0,0,0,0,0,0
475,"Athens","Greece",2002-08-13 05:50:00,77,59,54,11.5,NA,"NW",NA,29.74,NA,NA,NA,"Clear",0,0,0,0,0,0
476,"Athens","Greece",2002-08-13 06:50:00,77,59,54,8.1,NA,"NW",NA,29.74,NA,NA,NA,"Clear",0,0,0,0,0,0
477,"Athens","Greece",2002-08-13 08:50:00,78.8,59,51,8.1,NA,"NNW",NA,29.8,NA,NA,NA,"Clear",0,0,0,0,0,0
478,"Athens","Greece",2002-08-13 10:50:00,84.2,62.6,48,13.8,NA,"WNW",NA,29.8,NA,85,NA,"Clear",0,0,0,0,0,0
479,"Athens","Greece",2002-08-13 12:50:00,89.6,59,36,9.2,NA,"West",NA,29.8,NA,88.9,NA,"Clear",0,0,0,0,0,0
480,"Athens","Greece",2002-08-13 14:50:00,91.4,64.4,41,10.4,NA,"West",NA,29.77,NA,93.2,NA,"Clear",0,0,0,0,0,0
481,"Athens","Greece",2002-08-13 15:50:00,89.6,64.4,43,10.4,NA,"West",NA,29.74,NA,91.1,NA,"Clear",0,0,0,0,0,0
482,"Athens","Greece",2002-08-13 17:50:00,87.8,66.2,49,10.4,NA,"South",NA,29.74,NA,90.4,NA,"Clear",0,0,0,0,0,0
483,"Athens","Greece",2002-08-13 18:50:00,86,69.8,58,10.4,NA,"South",NA,29.74,NA,90.4,NA,"Clear",0,0,0,0,0,0
484,"Athens","Greece",2002-08-13 20:50:00,82.4,62.6,51,8.1,NA,"SSE",6.2,29.77,NA,83.4,NA,"Partly Cloudy",0,0,0,0,0,0
485,"Athens","Greece",2002-08-13 22:50:00,80.6,66.2,61,9.2,NA,"NW",NA,29.77,NA,82.7,NA,"Clear",0,0,0,0,0,0
486,"Athens","Greece",2002-08-13 23:50:00,80.6,64.4,58,10.4,NA,"NW",NA,29.77,NA,82.3,NA,"Clear",0,0,0,0,0,0
487,"Athens","Greece",2002-08-14 00:50:00,78.8,64.4,61,6.9,NA,"NW",NA,29.77,NA,NA,NA,"Clear",0,0,0,0,0,0
488,"Athens","Greece",2002-08-14 01:50:00,78.8,62.6,57,8.1,NA,"NW",NA,29.77,NA,NA,NA,"Clear",0,0,0,0,0,0
489,"Athens","Greece",2002-08-14 02:50:00,78.8,62.6,57,4.6,NA,"NW",NA,29.77,NA,NA,NA,"Clear",0,0,0,0,0,0
490,"Athens","Greece",2002-08-14 03:50:00,77,62.6,61,4.6,NA,"NNW",NA,29.74,NA,NA,NA,"Clear",0,0,0,0,0,0
491,"Athens","Greece",2002-08-14 04:50:00,75.2,62.6,65,5.8,NA,"North",NA,29.77,NA,NA,NA,"Clear",0,0,0,0,0,0
492,"Athens","Greece",2002-08-14 06:50:00,71.6,62.6,73,0,NA,"North",6.2,29.77,NA,NA,NA,"Partly Cloudy",0,0,0,0,0,0
493,"Athens","Greece",2002-08-14 09:50:00,84.2,57.2,40,5.8,NA,"WNW",NA,29.8,NA,83.5,NA,"Clear",0,0,0,0,0,0
494,"Athens","Greece",2002-08-14 11:50:00,91.4,64.4,41,9.2,NA,"West",6.2,29.8,NA,93.2,NA,"Partly Cloudy",0,0,0,0,0,0
495,"Athens","Greece",2002-08-14 12:50:00,91.4,62.6,38,11.5,NA,"West",6.2,29.8,NA,92.1,NA,"Partly Cloudy",0,0,0,0,0,0
496,"Athens","Greece",2002-08-14 13:50:00,91.4,69.8,49,10.4,NA,"WSW",6.2,29.77,NA,96.8,NA,"Partly Cloudy",0,0,0,0,0,0
497,"Athens","Greece",2002-08-14 14:50:00,91.4,68,46,8.1,NA,"WSW",6.2,29.77,NA,95.4,NA,"Partly Cloudy",0,0,0,0,0,0
498,"Athens","Greece",2002-08-14 15:50:00,91.4,64.4,41,6.9,NA,"SW",6.2,29.77,NA,93.2,NA,"Scattered Clouds",0,0,0,0,0,0
499,"Athens","Greece",2002-08-14 16:50:00,89.6,64.4,43,12.7,NA,"South",6.2,29.77,NA,91.1,NA,"Scattered Clouds",0,0,0,0,0,0
500,"Athens","Greece",2002-08-14 17:50:00,86,66.2,51,11.5,NA,"South",6.2,29.77,NA,88.2,NA,"Scattered Clouds",0,0,0,0,0,0
501,"Athens","Greece",2002-08-14 18:50:00,84.2,68,58,10.4,NA,"South",6.2,29.77,NA,87.3,NA,"Partly Cloudy",0,0,0,0,0,0
502,"Athens","Greece",2002-08-14 19:50:00,82.4,66.2,58,9.2,NA,"SSE",6.2,29.8,NA,84.6,NA,"Scattered Clouds",0,0,0,0,0,0
503,"Athens","Greece",2002-08-14 20:50:00,82.4,64.4,54,6.9,NA,"SSE",6.2,29.8,NA,83.9,NA,"Partly Cloudy",0,0,0,0,0,0
504,"Athens","Greece",2002-08-14 21:50:00,80.6,68,65,6.9,NA,"SSE",6.2,29.8,NA,83.2,NA,"Partly Cloudy",0,0,0,0,0,0
505,"Athens","Greece",2002-08-14 22:50:00,80.6,68,65,5.8,NA,"SSE",6.2,29.8,NA,83.2,NA,"Partly Cloudy",0,0,0,0,0,0
506,"Athens","Greece",2002-08-14 23:50:00,78.8,66.2,65,0,NA,"North",6.2,29.8,NA,NA,NA,"Partly Cloudy",0,0,0,0,0,0
507,"Athens","Greece",2002-08-15 00:50:00,77,68,74,0,NA,"North",6.2,29.8,NA,NA,NA,"Partly Cloudy",0,0,0,0,0,0
508,"Athens","Greece",2002-08-15 01:50:00,77,68,74,0,NA,"North",6.2,29.8,NA,NA,NA,"Partly Cloudy",0,0,0,0,0,0
509,"Athens","Greece",2002-08-15 02:50:00,75.2,68,78,0,NA,"North",NA,29.8,NA,NA,NA,"Clear",0,0,0,0,0,0
510,"Athens","Greece",2002-08-15 03:50:00,75.2,69.8,83,0,NA,"North",6.2,29.77,NA,NA,NA,"Partly Cloudy",0,0,0,0,0,0
511,"Athens","Greece",2002-08-15 04:50:00,75.2,68,78,0,NA,"North",6.2,29.77,NA,NA,NA,"Scattered Clouds",0,0,0,0,0,0
512,"Athens","Greece",2002-08-15 05:50:00,73.4,66.2,78,0,NA,"North",6.2,29.77,NA,NA,NA,"Scattered Clouds",0,0,0,0,0,0
513,"Athens","Greece",2002-08-15 06:50:00,73.4,64.4,73,0,NA,"North",6.2,29.77,NA,NA,NA,"Scattered Clouds",0,0,0,0,0,0
514,"Athens","Greece",2002-08-15 07:50:00,75.2,62.6,65,0,NA,"North",6.2,29.8,NA,NA,NA,"Partly Cloudy",0,0,0,0,0,0
515,"Athens","Greece",2002-08-15 08:50:00,77,60.8,57,0,NA,"North",6.2,29.8,NA,NA,NA,"Partly Cloudy",0,0,0,0,0,0
516,"Athens","Greece",2002-08-15 09:50:00,82.4,60.8,48,4.6,NA,"West",6.2,29.8,NA,82.9,NA,"Scattered Clouds",0,0,0,0,0,0
517,"Athens","Greece",2002-08-15 10:50:00,86,60.8,43,6.9,NA,"West",6.2,29.8,NA,86.1,NA,"Scattered Clouds",0,0,0,0,0,0
518,"Athens","Greece",2002-08-15 12:50:00,89.6,68,49,9.2,NA,"WSW",6.2,29.77,NA,93.4,NA,"Partly Cloudy",0,0,0,0,0,0
519,"Athens","Greece",2002-08-15 13:50:00,89.6,68,49,9.2,NA,"SW",6.2,29.77,NA,93.4,NA,"Scattered Clouds",0,0,0,0,0,0
520,"Athens","Greece",2002-08-15 14:50:00,87.8,64.4,46,8.1,NA,"SW",6.2,29.74,NA,89.4,NA,"Scattered Clouds",0,0,0,0,0,0
521,"Athens","Greece",2002-08-15 15:50:00,86,64.4,48,9.2,NA,"South",6.2,29.74,NA,87.3,NA,"Scattered Clouds",0,0,0,0,0,0
522,"Athens","Greece",2002-08-15 16:50:00,86,66.2,51,10.4,NA,"SSW",6.2,29.74,NA,88.2,NA,"Scattered Clouds",0,0,0,0,0,0
523,"Athens","Greece",2002-08-15 18:50:00,82.4,64.4,54,10.4,NA,"South",6.2,29.74,NA,83.9,NA,"Scattered Clouds",0,0,0,0,0,0
524,"Athens","Greece",2002-08-15 19:50:00,80.6,64.4,58,8.1,NA,"South",6.2,29.74,NA,82.3,NA,"Scattered Clouds",0,0,0,0,0,0
525,"Athens","Greece",2002-08-15 20:50:00,80.6,66.2,61,8.1,NA,"SSE",6.2,29.74,NA,82.7,NA,"Partly Cloudy",0,0,0,0,0,0
526,"Athens","Greece",2002-08-15 21:50:00,80.6,66.2,61,5.8,NA,"SE",6.2,29.74,NA,82.7,NA,"Partly Cloudy",0,0,0,0,0,0
527,"Athens","Greece",2002-08-15 22:50:00,80.6,66.2,61,5.8,NA,"SE",6.2,29.74,NA,82.7,NA,"Partly Cloudy",0,0,0,0,0,0
528,"Athens","Greece",2002-08-15 23:50:00,78.8,66.2,65,0,NA,"North",6.2,29.77,NA,NA,NA,"Partly Cloudy",0,0,0,0,0,0
529,"Athens","Greece",2002-08-16 00:50:00,78.8,66.2,65,0,NA,"North",6.2,29.77,NA,NA,NA,"Partly Cloudy",0,0,0,0,0,0
530,"Athens","Greece",2002-08-16 01:50:00,78.8,66.2,65,0,NA,"North",6.2,29.77,NA,NA,NA,"Partly Cloudy",0,0,0,0,0,0
531,"Athens","Greece",2002-08-16 03:50:00,75.2,66.2,73,0,NA,"North",6.2,29.74,NA,NA,NA,"Partly Cloudy",0,0,0,0,0,0
532,"Athens","Greece",2002-08-16 04:50:00,75.2,66.2,73,0,NA,"North",6.2,29.74,NA,NA,NA,"Partly Cloudy",0,0,0,0,0,0
533,"Athens","Greece",2002-08-16 05:50:00,73.4,64.4,73,0,NA,"North",6.2,29.71,NA,NA,NA,"Scattered Clouds",0,0,0,0,0,0
534,"Athens","Greece",2002-08-16 06:50:00,71.6,62.6,73,0,NA,"North",6.2,29.74,NA,NA,NA,"Scattered Clouds",0,0,0,0,0,0
535,"Athens","Greece",2002-08-16 08:50:00,77,64.4,65,0,NA,"North",6.2,29.74,NA,NA,NA,"Scattered Clouds",0,0,0,0,0,0
536,"Athens","Greece",2002-08-16 10:50:00,84.2,62.6,48,6.9,NA,"West",6.2,29.74,NA,85,NA,"Partly Cloudy",0,0,0,0,0,0
537,"Athens","Greece",2002-08-16 11:50:00,87.8,64.4,46,8.1,NA,"West",6.2,29.74,NA,89.4,NA,"Partly Cloudy",0,0,0,0,0,0
538,"Athens","Greece",2002-08-16 12:50:00,89.6,69.8,52,9.2,NA,"WSW",6.2,29.74,NA,94.7,NA,"Partly Cloudy",0,0,0,0,0,0
539,"Athens","Greece",2002-08-16 13:50:00,89.6,68,49,8.1,NA,"WSW",6.2,29.71,NA,93.4,NA,"Scattered Clouds",0,0,0,0,0,0
540,"Athens","Greece",2002-08-16 14:50:00,89.6,68,49,6.9,NA,"SW",6.2,29.71,NA,93.4,NA,"Scattered Clouds",0,0,0,0,0,0
541,"Athens","Greece",2002-08-16 15:50:00,87.8,64.4,46,10.4,NA,"South",6.2,29.68,NA,89.4,NA,"Scattered Clouds",0,0,0,0,0,0
542,"Athens","Greece",2002-08-16 16:50:00,86,68,55,11.5,NA,"South",6.2,29.68,NA,89.4,NA,"Scattered Clouds",0,0,0,0,0,0
543,"Athens","Greece",2002-08-16 17:50:00,84.2,68,58,8.1,NA,"South",6.2,29.68,NA,87.3,NA,"Thunderstorm",0,0,0,0,1,0
544,"Athens","Greece",2002-08-16 18:50:00,84.2,68,58,10.4,NA,"South",6.2,29.68,NA,87.3,NA,"Scattered Clouds",0,0,0,0,0,0
545,"Athens","Greece",2002-08-16 19:50:00,82.4,68,62,6.9,NA,"South",6.2,29.68,NA,85.4,NA,"Scattered Clouds",0,0,0,0,0,0
546,"Athens","Greece",2002-08-16 20:50:00,80.6,68,65,6.9,NA,"South",6.2,29.71,NA,83.2,NA,"Scattered Clouds",0,0,0,0,0,0
547,"Athens","Greece",2002-08-16 21:50:00,82.4,68,62,6.9,NA,"SE",6.2,29.71,NA,85.4,NA,"Scattered Clouds",0,0,0,0,0,0
548,"Athens","Greece",2002-08-16 22:50:00,78.8,68,69,4.6,NA,"SE",6.2,29.71,NA,NA,NA,"Partly Cloudy",0,0,0,0,0,0
549,"Athens","Greece",2002-08-16 23:50:00,78.8,71.6,78,0,NA,"North",6.2,29.71,NA,NA,NA,"Partly Cloudy",0,0,0,0,0,0
550,"Athens","Greece",2002-08-17 00:50:00,77,69.8,78,0,NA,"North",6.2,29.71,NA,NA,NA,"Partly Cloudy",0,0,0,0,0,0
551,"Athens","Greece",2002-08-17 03:50:00,77,66.2,69,4.6,NA,"WNW",6.2,29.71,NA,NA,NA,"Partly Cloudy",0,0,0,0,0,0
552,"Athens","Greece",2002-08-17 04:50:00,77,66.2,69,5.8,NA,"NNW",6.2,29.68,NA,NA,NA,"Partly Cloudy",0,0,0,0,0,0
553,"Athens","Greece",2002-08-17 05:50:00,75.2,64.4,69,0,NA,"North",6.2,29.68,NA,NA,NA,"Partly Cloudy",0,0,0,0,0,0
554,"Athens","Greece",2002-08-17 06:50:00,73.4,62.6,69,4.6,NA,"NNW",6.2,29.71,NA,NA,NA,"Partly Cloudy",0,0,0,0,0,0
555,"Athens","Greece",2002-08-17 07:50:00,75.2,64.4,69,5.8,NA,"NNW",6.2,29.71,NA,NA,NA,"Partly Cloudy",0,0,0,0,0,0
556,"Athens","Greece",2002-08-17 08:50:00,78.8,62.6,57,8.1,NA,"NW",6.2,29.71,NA,NA,NA,"Partly Cloudy",0,0,0,0,0,0
557,"Athens","Greece",2002-08-17 09:50:00,82.4,59,45,9.2,NA,"NNW",6.2,29.71,NA,82.5,NA,"Partly Cloudy",0,0,0,0,0,0
558,"Athens","Greece",2002-08-17 10:50:00,84.2,57.2,40,9.2,NA,"North",6.2,29.71,NA,83.5,NA,"Partly Cloudy",0,0,0,0,0,0
559,"Athens","Greece",2002-08-17 12:50:00,89.6,68,49,10.4,NA,"SW",6.2,29.71,NA,93.4,NA,"Scattered Clouds",0,0,0,0,0,0
560,"Athens","Greece",2002-08-17 14:50:00,89.6,66.2,46,6.9,NA,"SW",6.2,29.71,NA,92.2,NA,"Scattered Clouds",0,0,0,0,0,0
561,"Athens","Greece",2002-08-17 15:50:00,89.6,64.4,43,11.5,NA,"SSW",6.2,29.71,NA,91.1,NA,"Scattered Clouds",0,0,0,0,0,0
562,"Athens","Greece",2002-08-17 16:50:00,87.8,66.2,49,9.2,NA,"South",6.2,29.71,NA,90.4,NA,"Scattered Clouds",0,0,0,0,0,0
563,"Athens","Greece",2002-08-17 17:50:00,84.2,62.6,48,10.4,NA,"South",6.2,29.71,NA,85,NA,"Scattered Clouds",0,0,0,0,0,0
564,"Athens","Greece",2002-08-17 18:50:00,84.2,66.2,55,10.4,NA,"South",6.2,29.71,NA,86.6,NA,"Mostly Cloudy",0,0,0,0,0,0
565,"Athens","Greece",2002-08-17 19:50:00,82.4,64.4,54,6.9,NA,"South",6.2,29.71,NA,83.9,NA,"Scattered Clouds",0,0,0,0,0,0
566,"Athens","Greece",2002-08-17 20:50:00,80.6,66.2,61,5.8,NA,"South",6.2,29.71,NA,82.7,NA,"Scattered Clouds",0,0,0,0,0,0
567,"Athens","Greece",2002-08-17 22:50:00,78.8,66.2,65,0,NA,"North",6.2,29.74,NA,NA,NA,"Scattered Clouds",0,0,0,0,0,0
568,"Athens","Greece",2002-08-17 23:50:00,77,66.2,69,0,NA,"North",6.2,29.74,NA,NA,NA,"Scattered Clouds",0,0,0,0,0,0
569,"Athens","Greece",2002-08-20 00:50:00,75.2,60.8,61,8.1,NA,"NNW",6.2,29.95,NA,NA,NA,"Scattered Clouds",0,0,0,0,0,0
570,"Athens","Greece",2002-08-20 01:50:00,75.2,60.8,61,9.2,NA,"NNW",6.2,29.95,NA,NA,NA,"Scattered Clouds",0,0,0,0,0,0
571,"Athens","Greece",2002-08-20 02:50:00,75.2,60.8,61,6.9,NA,"NNW",6.2,29.95,NA,NA,NA,"Scattered Clouds",0,0,0,0,0,0
572,"Athens","Greece",2002-08-20 04:50:00,73.4,62.6,69,4.6,NA,"NNW",6.2,29.92,NA,NA,NA,"Scattered Clouds",0,0,0,0,0,0
573,"Athens","Greece",2002-08-20 05:50:00,73.4,64.4,73,4.6,NA,"NW",6.2,29.92,NA,NA,NA,"Scattered Clouds",0,0,0,0,0,0
574,"Athens","Greece",2002-08-20 06:50:00,73.4,64.4,73,5.8,NA,"North",6.2,29.92,NA,NA,NA,"Scattered Clouds",0,0,0,0,0,0
575,"Athens","Greece",2002-08-20 07:50:00,75.2,64.4,69,10.4,NA,"North",6.2,29.92,NA,NA,NA,"Scattered Clouds",0,0,0,0,0,0
576,"Athens","Greece",2002-08-20 08:50:00,77,60.8,57,16.1,NA,"North",6.2,29.95,NA,NA,NA,"Scattered Clouds",0,0,0,0,0,0
577,"Athens","Greece",2002-08-20 09:50:00,78.8,62.6,57,18.4,NA,"North",6.2,29.95,NA,NA,NA,"Scattered Clouds",0,0,0,0,0,0
578,"Athens","Greece",2002-08-20 10:50:00,80.6,60.8,51,15,NA,"North",6.2,29.95,NA,81.5,NA,"Scattered Clouds",0,0,0,0,0,0
579,"Athens","Greece",2002-08-20 13:50:00,86,59,40,15,NA,"North",6.2,29.95,NA,85.4,NA,"Scattered Clouds",0,0,0,0,0,0
580,"Athens","Greece",2002-08-20 14:50:00,84.2,57.2,40,13.8,NA,"NNE",6.2,29.95,NA,83.5,NA,"Scattered Clouds",0,0,0,0,0,0
581,"Athens","Greece",2002-08-20 15:50:00,80.6,59,48,13.8,NA,"NNE",6.2,29.92,NA,81.1,NA,"Mostly Cloudy",0,0,0,0,0,0
582,"Athens","Greece",2002-08-20 16:50:00,80.6,60.8,51,12.7,NA,"NNE",6.2,29.92,NA,81.5,NA,"Mostly Cloudy",0,0,0,0,0,0
583,"Athens","Greece",2002-08-20 17:50:00,82.4,59,45,13.8,NA,"NNE",6.2,29.92,NA,82.5,NA,"Scattered Clouds",0,0,0,0,0,0
584,"Athens","Greece",2002-08-20 18:50:00,80.6,60.8,51,12.7,NA,"North",6.2,29.92,NA,81.5,NA,"Partly Cloudy",0,0,0,0,0,0
585,"Athens","Greece",2002-08-20 19:50:00,80.6,59,48,12.7,NA,"North",6.2,29.92,NA,81.1,NA,"Partly Cloudy",0,0,0,0,0,0
586,"Athens","Greece",2002-08-20 20:50:00,78.8,60.8,54,9.2,NA,"NNE",6.2,29.92,NA,NA,NA,"Mostly Cloudy",0,0,0,0,0,0
587,"Athens","Greece",2002-08-20 21:50:00,77,60.8,57,5.8,NA,"NE",6.2,29.95,NA,NA,NA,"Mostly Cloudy",0,0,0,0,0,0
588,"Athens","Greece",2002-08-20 22:50:00,75.2,60.8,61,5.8,NA,"NNW",6.2,29.95,NA,NA,NA,"Scattered Clouds",0,0,0,0,0,0
589,"Athens","Greece",2002-08-18 00:50:00,77,66.2,69,0,NA,"North",6.2,29.74,NA,NA,NA,"Scattered Clouds",0,0,0,0,0,0
590,"Athens","Greece",2002-08-18 01:50:00,77,68,74,0,NA,"North",6.2,29.74,NA,NA,NA,"Scattered Clouds",0,0,0,0,0,0
591,"Athens","Greece",2002-08-18 02:50:00,77,64.4,65,4.6,NA,"North",6.2,29.74,NA,NA,NA,"Scattered Clouds",0,0,0,0,0,0
592,"Athens","Greece",2002-08-18 03:50:00,75.2,64.4,69,0,NA,"North",6.2,29.74,NA,NA,NA,"Partly Cloudy",0,0,0,0,0,0
593,"Athens","Greece",2002-08-18 04:50:00,75.2,62.6,65,4.6,NA,"East",6.2,29.74,NA,NA,NA,"Scattered Clouds",0,0,0,0,0,0
594,"Athens","Greece",2002-08-18 05:50:00,77,64.4,65,4.6,NA,"East",6.2,29.74,NA,NA,NA,"Scattered Clouds",0,0,0,0,0,0
595,"Athens","Greece",2002-08-18 06:50:00,75.2,64.4,69,9.2,NA,"ENE",6.2,29.74,NA,NA,NA,"Partly Cloudy",0,0,0,0,0,0
596,"Athens","Greece",2002-08-18 08:50:00,78.8,66.2,65,0,NA,"North",6.2,29.77,NA,NA,NA,"Partly Cloudy",0,0,0,0,0,0
597,"Athens","Greece",2002-08-18 09:50:00,80.6,62.6,54,0,NA,"North",6.2,29.8,NA,81.8,NA,"Partly Cloudy",0,0,0,0,0,0
598,"Athens","Greece",2002-08-18 10:50:00,84.2,60.8,45,4.6,NA,"North",6.2,29.8,NA,84.4,NA,"Partly Cloudy",0,0,0,0,0,0
599,"Athens","Greece",2002-08-18 11:50:00,87.8,64.4,46,6.9,NA,"SW",6.2,29.8,NA,89.4,NA,"Partly Cloudy",0,0,0,0,0,0
600,"Athens","Greece",2002-08-18 12:50:00,86,66.2,51,9.2,NA,"SW",6.2,29.8,NA,88.2,NA,"Scattered Clouds",0,0,0,0,0,0
601,"Athens","Greece",2002-08-18 14:50:00,69.8,66.2,88,6.9,NA,"NNE",5,29.83,NA,NA,NA,"Thunderstorms and Rain",0,1,0,0,1,0
602,"Athens","Greece",2002-08-18 15:50:00,71.6,66.2,83,4.6,NA,"NNW",6.2,29.8,NA,NA,NA,"Mostly Cloudy",0,0,0,0,0,0
603,"Athens","Greece",2002-08-18 16:50:00,77,62.6,61,11.5,NA,"ENE",6.2,29.8,NA,NA,NA,"Mostly Cloudy",0,0,0,0,0,0
604,"Athens","Greece",2002-08-18 17:50:00,77,68,74,0,NA,"North",6.2,29.8,NA,NA,NA,"Mostly Cloudy",0,0,0,0,0,0
605,"Athens","Greece",2002-08-18 18:50:00,75.2,66.2,73,0,NA,"North",6.2,29.8,NA,NA,NA,"Mostly Cloudy",0,0,0,0,0,0
606,"Athens","Greece",2002-08-18 19:50:00,75.2,64.4,69,5.8,NA,"North",6.2,29.83,NA,NA,NA,"Mostly Cloudy",0,0,0,0,0,0
607,"Athens","Greece",2002-08-18 20:50:00,75.2,66.2,73,5.8,NA,"North",6.2,29.83,NA,NA,NA,"Mostly Cloudy",0,0,0,0,0,0
608,"Athens","Greece",2002-08-18 21:50:00,75.2,66.2,73,0,NA,"North",6.2,29.86,NA,NA,NA,"Mostly Cloudy",0,0,0,0,0,0
609,"Athens","Greece",2002-08-18 22:50:00,75.2,66.2,73,6.9,NA,"WNW",6.2,29.86,NA,NA,NA,"Mostly Cloudy",0,0,0,0,0,0
610,"Athens","Greece",2002-08-18 23:50:00,73.4,68,83,8.1,NA,"NNW",6.2,29.86,NA,NA,NA,"Mostly Cloudy",0,0,0,0,0,0
611,"Athens","Greece",2002-08-19 00:50:00,73.4,68,83,4.6,NA,"North",6.2,29.86,NA,NA,NA,"Mostly Cloudy",0,0,0,0,0,0
612,"Athens","Greece",2002-08-19 01:50:00,73.4,66.2,78,4.6,NA,"NNW",6.2,29.83,NA,NA,NA,"Mostly Cloudy",0,0,0,0,0,0
613,"Athens","Greece",2002-08-19 02:50:00,73.4,66.2,78,8.1,NA,"NNW",6.2,29.83,NA,NA,NA,"Mostly Cloudy",0,0,0,0,0,0
614,"Athens","Greece",2002-08-19 03:50:00,73.4,64.4,73,9.2,NA,"NNW",6.2,29.83,NA,NA,NA,"Scattered Clouds",0,0,0,0,0,0
615,"Athens","Greece",2002-08-19 04:50:00,73.4,64.4,73,9.2,NA,"NNW",6.2,29.83,NA,NA,NA,"Scattered Clouds",0,0,0,0,0,0
616,"Athens","Greece",2002-08-19 05:50:00,73.4,64.4,73,9.2,NA,"NNW",6.2,29.83,NA,NA,NA,"Scattered Clouds",0,0,0,0,0,0
617,"Athens","Greece",2002-08-19 06:50:00,71.6,62.6,73,0,NA,"North",6.2,29.83,NA,NA,NA,"Scattered Clouds",0,0,0,0,0,0
618,"Athens","Greece",2002-08-19 07:50:00,73.4,60.8,65,12.7,NA,"North",6.2,29.86,NA,NA,NA,"Scattered Clouds",0,0,0,0,0,0
619,"Athens","Greece",2002-08-19 08:50:00,73.4,60.8,65,10.4,NA,"North",6.2,29.89,NA,NA,NA,"Scattered Clouds",0,0,0,0,0,0
620,"Athens","Greece",2002-08-19 09:50:00,75.2,60.8,61,10.4,NA,"NNW",6.2,29.89,NA,NA,NA,"Scattered Clouds",0,0,0,0,0,0
621,"Athens","Greece",2002-08-19 10:50:00,78.8,59,51,8.1,NA,"North",6.2,29.89,NA,NA,NA,"Scattered Clouds",0,0,0,0,0,0
622,"Athens","Greece",2002-08-19 11:50:00,80.6,62.6,54,6.9,NA,"North",6.2,29.89,NA,81.8,NA,"Scattered Clouds",0,0,0,0,0,0
623,"Athens","Greece",2002-08-19 12:50:00,82.4,62.6,51,5.8,NA,"NNW",6.2,29.89,NA,83.4,NA,"Scattered Clouds",0,0,0,0,0,0
624,"Athens","Greece",2002-08-19 13:50:00,82.4,62.6,51,10.4,NA,"NW",6.2,29.89,NA,83.4,NA,"Scattered Clouds",0,0,0,0,0,0
625,"Athens","Greece",2002-08-19 14:50:00,84.2,59,42,10.4,NA,"North",6.2,29.89,NA,83.8,NA,"Scattered Clouds",0,0,0,0,0,0
626,"Athens","Greece",2002-08-19 15:50:00,84.2,59,42,12.7,NA,"North",6.2,29.89,NA,83.8,NA,"Scattered Clouds",0,0,0,0,0,0
627,"Athens","Greece",2002-08-19 16:50:00,84.2,59,42,11.5,NA,"North",6.2,29.86,NA,83.8,NA,"Scattered Clouds",0,0,0,0,0,0
628,"Athens","Greece",2002-08-19 17:50:00,84.2,59,42,15,NA,"NNE",6.2,29.89,NA,83.8,NA,"Scattered Clouds",0,0,0,0,0,0
629,"Athens","Greece",2002-08-19 18:50:00,82.4,59,45,11.5,NA,"NNE",6.2,29.89,NA,82.5,NA,"Scattered Clouds",0,0,0,0,0,0
630,"Athens","Greece",2002-08-19 19:50:00,80.6,59,48,10.4,NA,"NNE",6.2,29.89,NA,81.1,NA,"Scattered Clouds",0,0,0,0,0,0
631,"Athens","Greece",2002-08-19 20:50:00,78.8,59,51,9.2,NA,"NNE",6.2,29.92,NA,NA,NA,"Scattered Clouds",0,0,0,0,0,0
632,"Athens","Greece",2002-08-19 21:50:00,78.8,60.8,54,10.4,NA,"North",6.2,29.92,NA,NA,NA,"Scattered Clouds",0,0,0,0,0,0
633,"Athens","Greece",2002-08-19 22:50:00,77,60.8,57,8.1,NA,"North",6.2,29.95,NA,NA,NA,"Scattered Clouds",0,0,0,0,0,0
634,"Athens","Greece",2002-08-19 23:50:00,75.2,60.8,61,8.1,NA,"North",6.2,29.95,NA,NA,NA,"Scattered Clouds",0,0,0,0,0,0
635,"Athens","Greece",2002-08-21 00:50:00,75.2,60.8,61,8.1,NA,"NNW",6.2,29.95,NA,NA,NA,"Scattered Clouds",0,0,0,0,0,0
636,"Athens","Greece",2002-08-21 02:50:00,73.4,60.8,65,6.9,NA,"NNW",6.2,29.92,NA,NA,NA,"Scattered Clouds",0,0,0,0,0,0
637,"Athens","Greece",2002-08-21 06:50:00,69.8,60.8,73,4.6,NA,"North",6.2,29.92,NA,NA,NA,"Partly Cloudy",0,0,0,0,0,0
638,"Athens","Greece",2002-08-21 07:50:00,71.6,60.8,69,5.8,NA,"NW",6.2,29.95,NA,NA,NA,"Partly Cloudy",0,0,0,0,0,0
639,"Athens","Greece",2002-08-21 08:50:00,73.4,62.6,69,5.8,NA,"NW",6.2,29.95,NA,NA,NA,"Partly Cloudy",0,0,0,0,0,0
640,"Athens","Greece",2002-08-21 12:50:00,84.2,60.8,45,5.8,NA,"NNW",6.2,29.95,NA,84.4,NA,"Scattered Clouds",0,0,0,0,0,0
641,"Athens","Greece",2002-08-21 13:50:00,87.8,59,38,6.9,NA,"WSW",6.2,29.92,NA,87.1,NA,"Scattered Clouds",0,0,0,0,0,0
642,"Athens","Greece",2002-08-21 14:50:00,87.8,62.6,43,8.1,NA,"WSW",6.2,29.92,NA,88.5,NA,"Scattered Clouds",0,0,0,0,0,0
643,"Athens","Greece",2002-08-21 15:50:00,82.4,66.2,58,4.6,NA,"WSW",6.2,29.92,NA,84.6,NA,"Scattered Clouds",0,0,0,0,0,0
644,"Athens","Greece",2002-08-21 16:50:00,80.6,64.4,58,8.1,NA,"SSW",6.2,29.89,NA,82.3,NA,"Scattered Clouds",0,0,0,0,0,0
645,"Athens","Greece",2002-08-21 17:50:00,84.2,64.4,51,5.8,NA,"SSW",6.2,29.89,NA,85.6,NA,"Partly Cloudy",0,0,0,0,0,0
646,"Athens","Greece",2002-08-21 18:50:00,82.4,62.6,51,5.8,NA,"NE",6.2,29.89,NA,83.4,NA,"Partly Cloudy",0,0,0,0,0,0
647,"Athens","Greece",2002-08-21 19:50:00,80.6,60.8,51,9.2,NA,"East",6.2,29.89,NA,81.5,NA,"Partly Cloudy",0,0,0,0,0,0
648,"Athens","Greece",2002-08-21 20:50:00,78.8,59,51,9.2,NA,"ENE",NA,29.92,NA,NA,NA,"Clear",0,0,0,0,0,0
649,"Athens","Greece",2002-08-21 21:50:00,77,59,54,6.9,NA,"NE",NA,29.92,NA,NA,NA,"Clear",0,0,0,0,0,0
650,"Athens","Greece",2002-08-21 22:50:00,77,60.8,57,4.6,NA,"NE",NA,29.92,NA,NA,NA,"Clear",0,0,0,0,0,0
651,"Athens","Greece",2002-08-21 23:50:00,75.2,60.8,61,0,NA,"North",NA,29.92,NA,NA,NA,"Clear",0,0,0,0,0,0
652,"Athens","Greece",2002-08-22 00:50:00,73.4,62.6,69,0,NA,"North",NA,29.92,NA,NA,NA,"Clear",0,0,0,0,0,0
653,"Athens","Greece",2002-08-22 01:50:00,71.6,62.6,73,0,NA,"North",NA,29.92,NA,NA,NA,"Clear",0,0,0,0,0,0
654,"Athens","Greece",2002-08-22 02:50:00,69.8,60.8,73,0,NA,"North",NA,29.92,NA,NA,NA,"Clear",0,0,0,0,0,0
655,"Athens","Greece",2002-08-22 03:50:00,69.8,60.8,73,0,NA,"North",NA,29.92,NA,NA,NA,"Clear",0,0,0,0,0,0
656,"Athens","Greece",2002-08-22 04:50:00,69.8,59,68,0,NA,"North",NA,29.92,NA,NA,NA,"Clear",0,0,0,0,0,0
657,"Athens","Greece",2002-08-22 05:50:00,68,57.2,68,0,NA,"North",NA,29.92,NA,NA,NA,"Clear",0,0,0,0,0,0
658,"Athens","Greece",2002-08-22 06:50:00,68,55.4,64,0,NA,"North",NA,29.92,NA,NA,NA,"Clear",0,0,0,0,0,0
659,"Athens","Greece",2002-08-22 07:50:00,69.8,55.4,60,0,NA,"North",NA,29.92,NA,NA,NA,"Clear",0,0,0,0,0,0
660,"Athens","Greece",2002-08-22 08:50:00,73.4,57.2,57,0,NA,"North",NA,29.92,NA,NA,NA,"Clear",0,0,0,0,0,0
661,"Athens","Greece",2002-08-22 09:50:00,78.8,59,51,4.6,NA,"SW",NA,29.95,NA,NA,NA,"Clear",0,0,0,0,0,0
662,"Athens","Greece",2002-08-22 10:50:00,82.4,59,45,6.9,NA,"WSW",NA,29.95,NA,82.5,NA,"Clear",0,0,0,0,0,0
663,"Athens","Greece",2002-08-22 11:50:00,84.2,60.8,45,6.9,NA,"SW",NA,29.95,NA,84.4,NA,"Clear",0,0,0,0,0,0
664,"Athens","Greece",2002-08-22 12:50:00,86,60.8,43,9.2,NA,"WSW",6.2,29.95,NA,86.1,NA,"Partly Cloudy",0,0,0,0,0,0
665,"Athens","Greece",2002-08-22 13:50:00,86,59,40,8.1,NA,"SW",6.2,29.95,NA,85.4,NA,"Partly Cloudy",0,0,0,0,0,0
666,"Athens","Greece",2002-08-22 15:50:00,86,60.8,43,9.2,NA,"South",6.2,29.92,NA,86.1,NA,"Partly Cloudy",0,0,0,0,0,0
667,"Athens","Greece",2002-08-22 16:50:00,84.2,64.4,51,10.4,NA,"South",6.2,29.92,NA,85.6,NA,"Partly Cloudy",0,0,0,0,0,0
668,"Athens","Greece",2002-08-22 17:50:00,82.4,64.4,54,11.5,NA,"South",6.2,29.92,NA,83.9,NA,"Partly Cloudy",0,0,0,0,0,0
669,"Athens","Greece",2002-08-22 18:50:00,80.6,64.4,58,10.4,NA,"South",6.2,29.92,NA,82.3,NA,"Partly Cloudy",0,0,0,0,0,0
670,"Athens","Greece",2002-08-22 20:50:00,78.8,64.4,61,6.9,NA,"SSE",NA,29.95,NA,NA,NA,"Clear",0,0,0,0,0,0
671,"Athens","Greece",2002-08-22 21:50:00,77,64.4,65,4.6,NA,"SE",NA,29.95,NA,NA,NA,"Clear",0,0,0,0,0,0
672,"Athens","Greece",2002-08-22 23:50:00,75.2,64.4,69,0,NA,"North",NA,29.95,NA,NA,NA,"Clear",0,0,0,0,0,0
